Player,Image,Number,Salary,Tm,Pos,Birthday,Age,height,weight,Draft
Precious Achiuwa,https://ak-static.cms.nba.com/wp-content/uploads/headshots/nba/latest/260x190/1630173.png,5,"$5,551,440",Toronto Raptors,Forward,9/19/1999,22,"6'8"" (2.03m)",225lb (102kg),1 20 2020
Steven Adams,https://ak-static.cms.nba.com/wp-content/uploads/headshots/nba/latest/260x190/203500.png,4,"$35,000,000",Memphis Grizzlies,Center,7/20/1993,28,"6'11"" (2.11m)",265lb (120kg),1 12 2013
Bam Adebayo,https://ak-static.cms.nba.com/wp-content/uploads/headshots/nba/latest/260x190/1628389.png,13,"$163,000,590",Miami Heat,Center-Forward,7/18/1997,24,"6'9"" (2.06m)",255lb (116kg),1 14 2017
Santi Aldama,https://ak-static.cms.nba.com/wp-content/uploads/headshots/nba/latest/260x190/1630583.png,7,"$4,088,760",Memphis Grizzlies,Forward-Center,1/10/2001,20,"6'11"" (2.11m)",215lb (98kg),1 30 2021
LaMarcus Aldridge,https://ak-static.cms.nba.com/wp-content/uploads/headshots/nba/latest/260x190/200746.png,21,"$2,641,691",Brooklyn Nets,Center-Forward,7/19/1985,36,"6'11"" (2.11m)",250lb (113kg),1 2 2006
Nickeil Alexander-Walker,https://ak-static.cms.nba.com/wp-content/uploads/headshots/nba/latest/260x190/1629638.png,6,"$8,271,113",New Orleans Pelicans,Guard,9/2/1998,23,"6'5"" (1.96m)",205lb (93kg),1 17 2019
Grayson Allen,https://ak-static.cms.nba.com/wp-content/uploads/headshots/nba/latest/260x190/1628960.png,7,"$24,054,695",Milwaukee Bucks,Guard,10/8/1995,26,"6'4"" (1.93m)",198lb (90kg),1 21 2018
Jarrett Allen,https://ak-static.cms.nba.com/wp-content/uploads/headshots/nba/latest/260x190/1628386.png,31,"$100,000,000",Cleveland Cavaliers,Center,4/21/1998,23,"6'10"" (2.08m)",243lb (110kg),1 22 2017
Jose Alvarado,https://ak-static.cms.nba.com/wp-content/uploads/headshots/nba/latest/260x190/1630631.png,15,,New Orleans Pelicans,Guard,4/12/1998,23,"6'0"" (1.83m)",179lb (81kg),- - -
Kyle Anderson,https://ak-static.cms.nba.com/wp-content/uploads/headshots/nba/latest/260x190/203937.png,1,"$9,937,150",Memphis Grizzlies,Forward-Guard,9/20/1993,28,"6'9"" (2.06m)",230lb (104kg),1 30 2014
Giannis Antetokounmpo,https://ak-static.cms.nba.com/wp-content/uploads/headshots/nba/latest/260x190/203507.png,34,"$176,265,466",Milwaukee Bucks,Forward,12/6/1994,26,"6'11"" (2.11m)",242lb (110kg),1 15 2013
Thanasis Antetokounmpo,https://ak-static.cms.nba.com/wp-content/uploads/headshots/nba/latest/260x190/203648.png,43,"$1,729,217",Milwaukee Bucks,Forward,7/18/1992,29,"6'6"" (1.98m)",219lb (99kg),2 51 2014
Carmelo Anthony,https://ak-static.cms.nba.com/wp-content/uploads/headshots/nba/latest/260x190/2546.png,7,"$2,641,691",Los Angeles Lakers,Forward,5/29/1984,37,"6'7"" (2.01m)",238lb (108kg),1 3 2003
Cole Anthony,https://ak-static.cms.nba.com/wp-content/uploads/headshots/nba/latest/260x190/1630175.png,50,"$7,063,080",Orlando Magic,Guard,5/15/2000,21,"6'3"" (1.91m)",185lb (84kg),1 15 2020
OG Anunoby,https://ak-static.cms.nba.com/wp-content/uploads/headshots/nba/latest/260x190/1628384.png,3,"$72,000,000",Toronto Raptors,Forward,7/17/1997,24,"6'7"" (2.01m)",232lb (105kg),1 23 2017
DJ Augustin,https://ak-static.cms.nba.com/wp-content/uploads/headshots/nba/latest/260x190/201571.png,14,"$7,333,333",Houston Rockets,Guard,11/10/1987,34,"5'11"" (1.80m)",183lb (83kg),1 9 2008
Deni Avdija,https://ak-static.cms.nba.com/wp-content/uploads/headshots/nba/latest/260x190/1630166.png,9,"$9,609,000",Washington Wizards,Forward,1/3/2001,20,"6'9"" (2.06m)",210lb (95kg),1 9 2020
Joel Ayayi,https://ak-static.cms.nba.com/wp-content/uploads/headshots/nba/latest/260x190/1630555.png,17,,Washington Wizards,Guard,3/5/2000,21,"6'4"" (1.93m)",180lb (82kg),- - -
Deandre Ayton,https://ak-static.cms.nba.com/wp-content/uploads/headshots/nba/latest/260x190/1629028.png,22,"$12,632,950",Phoenix Suns,Center,7/23/1998,23,"6'11"" (2.11m)",250lb (113kg),1 1 2018
Udoka Azubuike,https://ak-static.cms.nba.com/wp-content/uploads/headshots/nba/latest/260x190/1628962.png,20,"$4,250,760",Utah Jazz,Center-Forward,9/17/1999,22,"7'0"" (2.13m)",270lb (122kg),1 27 2020
Marvin Bagley III,https://ak-static.cms.nba.com/wp-content/uploads/headshots/nba/latest/260x190/1628963.png,35,"$11,312,114",Sacramento Kings,Forward,3/14/1999,22,"6'11"" (2.11m)",235lb (107kg),1 2 2018
LaMelo Ball,https://ak-static.cms.nba.com/wp-content/uploads/headshots/nba/latest/260x190/1630163.png,2,"$16,855,680",Charlotte Hornets,Guard,8/22/2001,20,"6'7"" (2.01m)",180lb (82kg),1 3 2020
Lonzo Ball,https://ak-static.cms.nba.com/wp-content/uploads/headshots/nba/latest/260x190/1628366.png,2,"$85,000,000",Chicago Bulls,Guard,10/27/1997,24,"6'6"" (1.98m)",190lb (86kg),1 2 2017
Mo Bamba,https://ak-static.cms.nba.com/wp-content/uploads/headshots/nba/latest/260x190/1628964.png,5,"$7,568,742",Orlando Magic,Center,5/12/1998,23,"7'0"" (2.13m)",231lb (105kg),1 6 2018
Desmond Bane,https://ak-static.cms.nba.com/wp-content/uploads/headshots/nba/latest/260x190/1630217.png,22,"$4,163,400",Memphis Grizzlies,Guard,6/25/1998,23,"6'5"" (1.96m)",215lb (98kg),1 30 2020
Dalano Banton,https://ak-static.cms.nba.com/wp-content/uploads/headshots/nba/latest/260x190/1630625.png,45,"$925,258",Toronto Raptors,Forward,11/7/1999,22,"6'7"" (2.01m)",204lb (93kg),2 46 2021
Harrison Barnes,https://ak-static.cms.nba.com/wp-content/uploads/headshots/nba/latest/260x190/203084.png,40,"$38,636,364",Sacramento Kings,Forward,5/30/1992,29,"6'8"" (2.03m)",225lb (102kg),1 7 2012
Scottie Barnes,https://ak-static.cms.nba.com/wp-content/uploads/headshots/nba/latest/260x190/1630567.png,4,"$14,925,240",Toronto Raptors,Forward,8/1/2001,20,"6'7"" (2.01m)",225lb (102kg),1 4 2021
RJ Barrett,https://ak-static.cms.nba.com/wp-content/uploads/headshots/nba/latest/260x190/1629628.png,9,"$19,524,555",New York Knicks,Forward-Guard,6/14/2000,21,"6'6"" (1.98m)",214lb (97kg),1 3 2019
Will Barton,https://ak-static.cms.nba.com/wp-content/uploads/headshots/nba/latest/260x190/203115.png,5,"$32,000,000",Denver Nuggets,Guard,1/6/1991,30,"6'5"" (1.96m)",181lb (82kg),2 40 2012
Charles Bassey,https://ak-static.cms.nba.com/wp-content/uploads/headshots/nba/latest/260x190/1629646.png,23,"$1,000,000",Philadelphia 76ers,Center-Forward,10/28/2000,21,"6'9"" (2.06m)",230lb (104kg),2 53 2021
Keita Bates-Diop,https://ak-static.cms.nba.com/wp-content/uploads/headshots/nba/latest/260x190/1628966.png,31,"$1,729,217",San Antonio Spurs,Forward,1/23/1996,25,"6'8"" (2.03m)",229lb (104kg),2 48 2018
Nicolas Batum,https://ak-static.cms.nba.com/wp-content/uploads/headshots/nba/latest/260x190/201587.png,33,"$18,086,956",LA Clippers,Guard-Forward,12/14/1988,32,"6'8"" (2.03m)",230lb (104kg),1 25 2008
Kent Bazemore,https://ak-static.cms.nba.com/wp-content/uploads/headshots/nba/latest/260x190/203145.png,9,"$2,401,537",Los Angeles Lakers,Guard-Forward,7/1/1989,32,"6'4"" (1.93m)",195lb (88kg),- - -
Darius Bazley,https://ak-static.cms.nba.com/wp-content/uploads/headshots/nba/latest/260x190/1629647.png,7,"$6,777,669",Oklahoma City Thunder,Forward,6/12/2000,21,"6'8"" (2.03m)",208lb (94kg),1 23 2019
Bradley Beal,https://ak-static.cms.nba.com/wp-content/uploads/headshots/nba/latest/260x190/203078.png,3,"$34,502,130",Washington Wizards,Guard,6/28/1993,28,"6'4"" (1.93m)",207lb (94kg),1 3 2012
Malik Beasley,https://ak-static.cms.nba.com/wp-content/uploads/headshots/nba/latest/260x190/1627736.png,5,"$29,849,999",Minnesota Timberwolves,Guard,11/26/1996,24,"6'4"" (1.93m)",187lb (85kg),1 19 2016
DeAndre' Bembry,https://ak-static.cms.nba.com/wp-content/uploads/headshots/nba/latest/260x190/1627761.png,95,"$750,000",Brooklyn Nets,Guard-Forward,7/4/1994,27,"6'5"" (1.96m)",210lb (95kg),1 21 2016
Davis Bertans,https://ak-static.cms.nba.com/wp-content/uploads/headshots/nba/latest/260x190/202722.png,42,"$60,000,000",Washington Wizards,Forward,11/12/1992,29,"6'10"" (2.08m)",225lb (102kg),2 42 2011
Patrick Beverley,https://ak-static.cms.nba.com/wp-content/uploads/headshots/nba/latest/260x190/201976.png,22,"$14,320,988",Minnesota Timberwolves,Guard,7/12/1988,33,"6'1"" (1.85m)",180lb (82kg),2 42 2009
Saddiq Bey,https://ak-static.cms.nba.com/wp-content/uploads/headshots/nba/latest/260x190/1630180.png,41,"$5,783,400",Detroit Pistons,Forward,4/9/1999,22,"6'7"" (2.01m)",215lb (98kg),1 19 2020
Khem Birch,https://ak-static.cms.nba.com/wp-content/uploads/headshots/nba/latest/260x190/203920.png,24,"$20,002,750",Toronto Raptors,Center,9/28/1992,29,"6'9"" (2.06m)",233lb (106kg),- - -
Goga Bitadze,https://ak-static.cms.nba.com/wp-content/uploads/headshots/nba/latest/260x190/1629048.png,88,"$7,863,739",Indiana Pacers,Center-Forward,7/20/1999,22,"7'0"" (2.13m)",250lb (113kg),1 18 2019
Nemanja Bjelica,https://ak-static.cms.nba.com/wp-content/uploads/headshots/nba/latest/260x190/202357.png,8,"$2,089,448",Golden State Warriors,Forward,5/9/1988,33,"6'9"" (2.06m)",234lb (106kg),2 35 2010
Eric Bledsoe,https://ak-static.cms.nba.com/wp-content/uploads/headshots/nba/latest/260x190/202339.png,12,"$22,025,000",LA Clippers,Guard,12/9/1989,31,"6'1"" (1.85m)",214lb (97kg),1 18 2010
Bogdan Bogdanovic,https://ak-static.cms.nba.com/wp-content/uploads/headshots/nba/latest/260x190/203992.png,13,"$36,000,000",Atlanta Hawks,Guard,8/18/1992,29,"6'6"" (1.98m)",225lb (102kg),1 27 2014
Bojan Bogdanovic,https://ak-static.cms.nba.com/wp-content/uploads/headshots/nba/latest/260x190/202711.png,44,"$38,250,000",Utah Jazz,Forward,4/18/1989,32,"6'7"" (2.01m)",226lb (103kg),2 31 2011
Bol Bol,https://ak-static.cms.nba.com/wp-content/uploads/headshots/nba/latest/260x190/1629626.png,10,"$2,161,152",Denver Nuggets,Center-Forward,11/16/1999,22,"7'2"" (2.18m)",220lb (100kg),2 44 2019
Leandro Bolmaro,https://ak-static.cms.nba.com/wp-content/uploads/headshots/nba/latest/260x190/1630195.png,9,"$4,824,480",Minnesota Timberwolves,Forward,9/11/2000,21,"6'6"" (1.98m)",200lb (91kg),1 23 2020
Isaac Bonga,https://ak-static.cms.nba.com/wp-content/uploads/headshots/nba/latest/260x190/1629067.png,17,,Toronto Raptors,Guard,11/8/1999,22,"6'8"" (2.03m)",180lb (82kg),2 39 2018
Devin Booker,https://ak-static.cms.nba.com/wp-content/uploads/headshots/nba/latest/260x190/1626164.png,1,"$101,370,000",Phoenix Suns,Guard,10/30/1996,25,"6'5"" (1.96m)",206lb (93kg),1 13 2015
Brandon Boston Jr,https://ak-static.cms.nba.com/wp-content/uploads/headshots/nba/latest/260x190/1630527.png,4,"$2,488,776",LA Clippers,Guard,11/28/2001,19,"6'6"" (1.98m)",188lb (85kg),2 51 2021
Chris Boucher,https://ak-static.cms.nba.com/wp-content/uploads/headshots/nba/latest/260x190/1628449.png,25,"$7,009,615",Toronto Raptors,Forward-Center,1/11/1993,28,"6'9"" (2.06m)",200lb (91kg),- - -
James Bouknight,https://ak-static.cms.nba.com/wp-content/uploads/headshots/nba/latest/260x190/1630547.png,5,"$8,516,640",Charlotte Hornets,Guard,9/18/2000,21,"6'4"" (1.93m)",190lb (86kg),1 11 2021
Avery Bradley,https://ak-static.cms.nba.com/wp-content/uploads/headshots/nba/latest/260x190/202340.png,20,,Los Angeles Lakers,Guard,11/26/1990,30,"6'3"" (1.91m)",180lb (82kg),1 19 2010
Tony Bradley,https://ak-static.cms.nba.com/wp-content/uploads/headshots/nba/latest/260x190/1628396.png,13,"$1,789,256",Chicago Bulls,Center-Forward,1/8/1998,23,"6'10"" (2.08m)",248lb (112kg),1 28 2017
Ignas Brazdeikis,https://ak-static.cms.nba.com/wp-content/uploads/headshots/nba/latest/260x190/1629649.png,17,,Orlando Magic,Forward,1/8/1999,22,"6'6"" (1.98m)",221lb (100kg),2 47 2019
Mikal Bridges,https://ak-static.cms.nba.com/wp-content/uploads/headshots/nba/latest/260x190/1628969.png,25,"$95,557,725",Phoenix Suns,Forward,8/30/1996,25,"6'6"" (1.98m)",209lb (95kg),1 10 2018
Miles Bridges,https://ak-static.cms.nba.com/wp-content/uploads/headshots/nba/latest/260x190/1628970.png,0,"$5,421,493",Charlotte Hornets,Forward,3/21/1998,23,"6'7"" (2.01m)",225lb (102kg),1 12 2018
Oshae Brissett,https://ak-static.cms.nba.com/wp-content/uploads/headshots/nba/latest/260x190/1629052.png,12,,Indiana Pacers,Forward-Guard,6/20/1998,23,"6'7"" (2.01m)",210lb (95kg),- - -
Malcolm Brogdon,https://ak-static.cms.nba.com/wp-content/uploads/headshots/nba/latest/260x190/1627763.png,7,"$89,300,000",Indiana Pacers,Guard,12/11/1992,28,"6'5"" (1.96m)",229lb (104kg),2 36 2016
Armoni Brooks,https://ak-static.cms.nba.com/wp-content/uploads/headshots/nba/latest/260x190/1629717.png,7,"$1,489,065",Houston Rockets,Guard,6/5/1998,23,"6'3"" (1.91m)",195lb (88kg),-
Dillon Brooks,https://ak-static.cms.nba.com/wp-content/uploads/headshots/nba/latest/260x190/1628415.png,24,"$23,600,000",Memphis Grizzlies,Guard-Forward,1/22/1996,25,"6'7"" (2.01m)",225lb (102kg),2 45 2017
Bruce Brown,https://ak-static.cms.nba.com/wp-content/uploads/headshots/nba/latest/260x190/1628971.png,1,"$4,736,102",Brooklyn Nets,Guard-Forward,8/15/1996,25,"6'4"" (1.93m)",202lb (92kg),2 42 2018
Greg Brown III,https://ak-static.cms.nba.com/wp-content/uploads/headshots/nba/latest/260x190/1630535.png,4,"$2,488,776",Portland Trail Blazers,Forward,9/1/2001,20,"6'7"" (2.01m)",206lb (93kg),2 43 2021
Jaylen Brown,https://ak-static.cms.nba.com/wp-content/uploads/headshots/nba/latest/260x190/1627759.png,7,"$80,008,929",Boston Celtics,Guard-Forward,10/24/1996,25,"6'6"" (1.98m)",223lb (101kg),1 3 2016
Moses Brown,https://ak-static.cms.nba.com/wp-content/uploads/headshots/nba/latest/260x190/1629650.png,9,,Dallas Mavericks,Center,10/13/1999,22,"7'2"" (2.18m)",245lb (111kg),- - -
Sterling Brown,https://ak-static.cms.nba.com/wp-content/uploads/headshots/nba/latest/260x190/1628425.png,0,"$6,000,000",Dallas Mavericks,Guard-Forward,2/10/1995,26,"6'5"" (1.96m)",219lb (99kg),2 46 2017
Troy Brown Jr,https://ak-static.cms.nba.com/wp-content/uploads/headshots/nba/latest/260x190/1628972.png,7,"$5,170,564",Chicago Bulls,Guard-Forward,7/28/1999,22,"6'6"" (1.98m)",215lb (98kg),1 15 2018
Jalen Brunson,https://ak-static.cms.nba.com/wp-content/uploads/headshots/nba/latest/260x190/1628973.png,13,,Dallas Mavericks,Guard,8/31/1996,25,"6'1"" (1.85m)",190lb (86kg),2 33 2018
Reggie Bullock,https://ak-static.cms.nba.com/wp-content/uploads/headshots/nba/latest/260x190/203493.png,25,"$25,000,000",Dallas Mavericks,Guard-Forward,3/16/1991,30,"6'6"" (1.98m)",205lb (93kg),1 25 2013
Trey Burke,https://ak-static.cms.nba.com/wp-content/uploads/headshots/nba/latest/260x190/203504.png,3,"$3,333,333",Dallas Mavericks,Guard,11/12/1992,29,"6'0"" (1.83m)",185lb (84kg),1 9 2013
Alec Burks,https://ak-static.cms.nba.com/wp-content/uploads/headshots/nba/latest/260x190/202692.png,18,"$19,548,800",New York Knicks,Guard,7/20/1991,30,"6'6"" (1.98m)",214lb (97kg),1 12 2011
Jared Butler,https://ak-static.cms.nba.com/wp-content/uploads/headshots/nba/latest/260x190/1630215.png,13,"$2,488,776",Utah Jazz,Guard,8/25/2000,21,"6'3"" (1.91m)",193lb (88kg),2 40 2021
Jimmy Butler,https://ak-static.cms.nba.com/wp-content/uploads/headshots/nba/latest/260x190/202710.png,22,"$167,652,137",Miami Heat,Forward,9/14/1989,32,"6'7"" (2.01m)",230lb (104kg),1 30 2011
Kentavious Caldwell-Pope,https://ak-static.cms.nba.com/wp-content/uploads/headshots/nba/latest/260x190/203484.png,1,"$17,926,980",Washington Wizards,Guard,2/18/1993,28,"6'5"" (1.96m)",204lb (93kg),1 8 2013
Facundo Campazzo,https://ak-static.cms.nba.com/wp-content/uploads/headshots/nba/latest/260x190/1630267.png,7,"$3,804,150",Denver Nuggets,Guard,3/23/1991,30,"5'10"" (1.78m)",195lb (88kg),- - -
Clint Capela,https://ak-static.cms.nba.com/wp-content/uploads/headshots/nba/latest/260x190/203991.png,15,"$78,191,625",Atlanta Hawks,Center,5/18/1994,27,"6'10"" (2.08m)",256lb (116kg),1 25 2014
Vernon Carey Jr,https://ak-static.cms.nba.com/wp-content/uploads/headshots/nba/latest/260x190/1630176.png,22,"$3,300,602",Charlotte Hornets,Forward-Center,2/25/2001,20,"6'9"" (2.06m)",270lb (122kg),2 32 2020
Jevon Carter,https://ak-static.cms.nba.com/wp-content/uploads/headshots/nba/latest/260x190/1628975.png,0,"$7,950,617",Brooklyn Nets,Guard,9/14/1995,26,"6'1"" (1.85m)",200lb (91kg),2 32 2018
Wendell Carter Jr,https://ak-static.cms.nba.com/wp-content/uploads/headshots/nba/latest/260x190/1628976.png,34,"$50,000,000",Orlando Magic,Center-Forward,4/16/1999,22,"6'10"" (2.08m)",270lb (122kg),1 7 2018
Alex Caruso,https://ak-static.cms.nba.com/wp-content/uploads/headshots/nba/latest/260x190/1627936.png,6,"$37,000,000",Chicago Bulls,Guard,2/28/1994,27,"6'5"" (1.96m)",186lb (84kg),- - -
Willie Cauley-Stein,https://ak-static.cms.nba.com/wp-content/uploads/headshots/nba/latest/260x190/1626161.png,33,"$4,200,000",Dallas Mavericks,Center,8/18/1993,28,"7'0"" (2.13m)",240lb (109kg),1 6 2015
Justin Champagnie,https://ak-static.cms.nba.com/wp-content/uploads/headshots/nba/latest/260x190/1630551.png,11,,Toronto Raptors,Guard-Forward,6/29/2001,20,"6'6"" (1.98m)",206lb (93kg),- - -
Chris Chiozza,https://ak-static.cms.nba.com/wp-content/uploads/headshots/nba/latest/260x190/1629185.png,2,,Golden State Warriors,Guard,11/21/1995,25,"5'11"" (1.80m)",175lb (79kg),- - -
Josh Christopher,https://ak-static.cms.nba.com/wp-content/uploads/headshots/nba/latest/260x190/1630528.png,9,"$4,631,400",Houston Rockets,Guard,12/8/2001,19,"6'3"" (1.91m)",215lb (98kg),1 24 2021
Brandon Clarke,https://ak-static.cms.nba.com/wp-content/uploads/headshots/nba/latest/260x190/1629634.png,15,"$7,070,800",Memphis Grizzlies,Forward,9/19/1996,25,"6'8"" (2.03m)",215lb (98kg),1 21 2019
Jordan Clarkson,https://ak-static.cms.nba.com/wp-content/uploads/headshots/nba/latest/260x190/203903.png,00,"$25,760,000",Utah Jazz,Guard,6/7/1992,29,"6'4"" (1.93m)",194lb (88kg),2 46 2014
Nicolas Claxton,https://ak-static.cms.nba.com/wp-content/uploads/headshots/nba/latest/260x190/None.png,-,"$1,782,621",-,-,-,-,-,-,-
Amir Coffey,https://ak-static.cms.nba.com/wp-content/uploads/headshots/nba/latest/260x190/1629599.png,7,,LA Clippers,Guard-Forward,6/17/1997,24,"6'7"" (2.01m)",210lb (95kg),- - -
John Collins,https://ak-static.cms.nba.com/wp-content/uploads/headshots/nba/latest/260x190/1628381.png,20,"$125,000,000",Atlanta Hawks,Forward-Center,9/23/1997,24,"6'9"" (2.06m)",226lb (103kg),1 19 2017
Mike Conley,https://ak-static.cms.nba.com/wp-content/uploads/headshots/nba/latest/260x190/201144.png,11,"$58,000,000",Utah Jazz,Guard,10/11/1987,34,"6'1"" (1.85m)",175lb (79kg),1 4 2007
Pat Connaughton,https://ak-static.cms.nba.com/wp-content/uploads/headshots/nba/latest/260x190/1626192.png,24,"$5,333,333",Milwaukee Bucks,Guard,1/6/1993,28,"6'5"" (1.96m)",209lb (95kg),2 41 2015
Tyler Cook,https://ak-static.cms.nba.com/wp-content/uploads/headshots/nba/latest/260x190/1629076.png,25,,Chicago Bulls,Forward,9/23/1997,24,"6'8"" (2.03m)",255lb (116kg),- - -
Sharife Cooper,https://ak-static.cms.nba.com/wp-content/uploads/headshots/nba/latest/260x190/1630536.png,2,,Atlanta Hawks,Guard,6/11/2001,20,"6'1"" (1.85m)",176lb (80kg),2 48 2021
Petr Cornelie,https://ak-static.cms.nba.com/wp-content/uploads/headshots/nba/latest/260x190/1627822.png,21,,Denver Nuggets,Forward,7/26/1995,26,"6'11"" (2.11m)",220lb (100kg),2 53 2016
Robert Covington,https://ak-static.cms.nba.com/wp-content/uploads/headshots/nba/latest/260x190/203496.png,33,"$12,975,471",Portland Trail Blazers,Forward,12/14/1990,30,"6'7"" (2.01m)",209lb (95kg),- - -
Torrey Craig,https://ak-static.cms.nba.com/wp-content/uploads/headshots/nba/latest/260x190/1628470.png,13,"$10,000,000",Indiana Pacers,Forward,12/19/1990,30,"6'7"" (2.01m)",221lb (100kg),- - -
Jae Crowder,https://ak-static.cms.nba.com/wp-content/uploads/headshots/nba/latest/260x190/203109.png,99,"$19,904,700",Phoenix Suns,Forward,7/6/1990,31,"6'6"" (1.98m)",235lb (107kg),2 34 2012
Jarrett Culver,https://ak-static.cms.nba.com/wp-content/uploads/headshots/nba/latest/260x190/1629633.png,23,"$6,395,160",Memphis Grizzlies,Guard-Forward,2/20/1999,22,"6'6"" (1.98m)",195lb (88kg),1 6 2019
Cade Cunningham,https://ak-static.cms.nba.com/wp-content/uploads/headshots/nba/latest/260x190/1630595.png,2,"$20,602,920",Detroit Pistons,Guard,9/25/2001,20,"6'6"" (1.98m)",220lb (100kg),1 1 2021
Seth Curry,https://ak-static.cms.nba.com/wp-content/uploads/headshots/nba/latest/260x190/203552.png,31,"$16,744,187",Philadelphia 76ers,Guard,8/23/1990,31,"6'2"" (1.88m)",185lb (84kg),- - -
Stephen Curry,https://ak-static.cms.nba.com/wp-content/uploads/headshots/nba/latest/260x190/201939.png,30,"$261,134,628",Golden State Warriors,Guard,3/14/1988,33,"6'2"" (1.88m)",185lb (84kg),1 7 2009
Anthony Davis,https://ak-static.cms.nba.com/wp-content/uploads/headshots/nba/latest/260x190/203076.png,3,"$113,942,160",Los Angeles Lakers,Forward-Center,3/11/1993,28,"6'10"" (2.08m)",253lb (115kg),1 1 2012
Ed Davis,https://ak-static.cms.nba.com/wp-content/uploads/headshots/nba/latest/260x190/202334.png,21,,Cleveland Cavaliers,Center-Forward,6/5/1989,32,"6'9"" (2.06m)",218lb (99kg),1 13 2010
Terence Davis,https://ak-static.cms.nba.com/wp-content/uploads/headshots/nba/latest/260x190/1629056.png,3,"$8,000,000",Sacramento Kings,Guard,5/16/1997,24,"6'4"" (1.93m)",201lb (91kg),- - -
Gabriel Deck,https://ak-static.cms.nba.com/wp-content/uploads/headshots/nba/latest/260x190/1630466.png,6,,Oklahoma City Thunder,Forward,2/8/1995,26,"6'6"" (1.98m)",231lb (105kg),- - -
Dewayne Dedmon,https://ak-static.cms.nba.com/wp-content/uploads/headshots/nba/latest/260x190/203473.png,21,"$11,466,668",Miami Heat,Center,8/12/1989,32,"7'0"" (2.13m)",245lb (111kg),- - -
Sam Dekker,https://ak-static.cms.nba.com/wp-content/uploads/headshots/nba/latest/260x190/1626155.png,-,"$350,000",-,-,5/6/1994,27,"6'8"" (2.03m)",219lb (99kg),1 18 2015
DeMar DeRozan,https://ak-static.cms.nba.com/wp-content/uploads/headshots/nba/latest/260x190/201942.png,11,"$85,000,000",Chicago Bulls,Guard-Forward,8/7/1989,32,"6'6"" (1.98m)",220lb (100kg),1 9 2009
Hamidou Diallo,https://ak-static.cms.nba.com/wp-content/uploads/headshots/nba/latest/260x190/1628977.png,6,"$5,200,000",Detroit Pistons,Guard,7/31/1998,23,"6'5"" (1.96m)",202lb (92kg),2 45 2018
Gorgui Dieng,https://ak-static.cms.nba.com/wp-content/uploads/headshots/nba/latest/260x190/203476.png,10,"$4,000,000",Atlanta Hawks,Center,1/18/1990,31,"6'10"" (2.08m)",248lb (112kg),1 21 2013
Spencer Dinwiddie,https://ak-static.cms.nba.com/wp-content/uploads/headshots/nba/latest/260x190/203915.png,26,"$45,142,857",Washington Wizards,Guard,4/6/1993,28,"6'6"" (1.98m)",215lb (98kg),2 38 2014
Luka Doncic,https://ak-static.cms.nba.com/wp-content/uploads/headshots/nba/latest/260x190/1629029.png,77,"$217,234,391",Dallas Mavericks,Forward-Guard,2/28/1999,22,"6'7"" (2.01m)",230lb (104kg),1 3 2018
Luguentz Dort,https://ak-static.cms.nba.com/wp-content/uploads/headshots/nba/latest/260x190/1629652.png,5,"$625,000",Oklahoma City Thunder,Guard,4/19/1999,22,"6'3"" (1.91m)",215lb (98kg),- - -
Ayo Dosunmu,https://ak-static.cms.nba.com/wp-content/uploads/headshots/nba/latest/260x190/1630245.png,12,"$925,258",Chicago Bulls,Guard,1/17/2000,21,"6'4"" (1.93m)",200lb (91kg),2 38 2021
Sekou Doumbouya,https://ak-static.cms.nba.com/wp-content/uploads/headshots/nba/latest/260x190/1629635.png,45,"$3,613,680",Los Angeles Lakers,Forward,12/23/2000,20,"6'9"" (2.06m)",230lb (104kg),1 15 2019
Jeff Dowtin,https://ak-static.cms.nba.com/wp-content/uploads/headshots/nba/latest/260x190/1630288.png,4,,Golden State Warriors,Guard,5/10/1997,24,"6'3"" (1.91m)",177lb (80kg),- - -
PJ Dozier,https://ak-static.cms.nba.com/wp-content/uploads/headshots/nba/latest/260x190/1628408.png,35,,Denver Nuggets,Guard-Forward,10/25/1996,25,"6'6"" (1.98m)",205lb (93kg),- - -
Goran Dragic,https://ak-static.cms.nba.com/wp-content/uploads/headshots/nba/latest/260x190/201609.png,1,"$19,440,000",Toronto Raptors,Guard,5/6/1986,35,"6'3"" (1.91m)",190lb (86kg),2 45 2008
Andre Drummond,https://ak-static.cms.nba.com/wp-content/uploads/headshots/nba/latest/260x190/203083.png,1,"$2,401,537",Philadelphia 76ers,Center,8/10/1993,28,"6'10"" (2.08m)",279lb (127kg),1 9 2012
Chris Duarte,https://ak-static.cms.nba.com/wp-content/uploads/headshots/nba/latest/260x190/1630537.png,3,"$7,686,480",Indiana Pacers,Guard,6/13/1997,24,"6'5"" (1.96m)",190lb (86kg),1 13 2021
Kevin Durant,https://ak-static.cms.nba.com/wp-content/uploads/headshots/nba/latest/260x190/201142.png,7,"$229,997,220",Brooklyn Nets,Forward,9/29/1988,33,"6'10"" (2.08m)",240lb (109kg),1 2 2007
Anthony Edwards,https://ak-static.cms.nba.com/wp-content/uploads/headshots/nba/latest/260x190/1630162.png,1,"$20,978,880",Minnesota Timberwolves,Guard,8/5/2001,20,"6'4"" (1.93m)",225lb (102kg),1 1 2020
Kessler Edwards,https://ak-static.cms.nba.com/wp-content/uploads/headshots/nba/latest/260x190/1630556.png,14,,Brooklyn Nets,Forward,8/9/2000,21,"6'7"" (2.01m)",203lb (92kg),2 44 2021
CJ Elleby,https://ak-static.cms.nba.com/wp-content/uploads/headshots/nba/latest/260x190/1629604.png,16,"$1,517,981",Portland Trail Blazers,Forward-Guard,6/16/2000,21,"6'6"" (1.98m)",200lb (91kg),2 46 2020
Wayne Ellington,https://ak-static.cms.nba.com/wp-content/uploads/headshots/nba/latest/260x190/201961.png,2,"$2,641,691",Los Angeles Lakers,Guard,11/29/1987,33,"6'4"" (1.93m)",207lb (94kg),1 28 2009
Joel Embiid,https://ak-static.cms.nba.com/wp-content/uploads/headshots/nba/latest/260x190/203954.png,21,"$206,889,460",Philadelphia 76ers,Center-Forward,3/16/1994,27,"7'0"" (2.13m)",280lb (127kg),1 3 2014
Drew Eubanks,https://ak-static.cms.nba.com/wp-content/uploads/headshots/nba/latest/260x190/1629234.png,14,"$500,000",San Antonio Spurs,Forward-Center,2/1/1997,24,"6'9"" (2.06m)",245lb (111kg),- - -
Tacko Fall,https://ak-static.cms.nba.com/wp-content/uploads/headshots/nba/latest/260x190/1629605.png,99,,Cleveland Cavaliers,Center,12/10/1995,25,"7'6"" (2.29m)",311lb (141kg),- - -
Derrick Favors,https://ak-static.cms.nba.com/wp-content/uploads/headshots/nba/latest/260x190/202324.png,15,"$9,720,900",Oklahoma City Thunder,Forward,7/15/1991,30,"6'9"" (2.06m)",265lb (120kg),1 3 2010
Bruno Fernando,https://ak-static.cms.nba.com/wp-content/uploads/headshots/nba/latest/260x190/1628981.png,28,"$1,782,621",Boston Celtics,Forward-Center,8/15/1998,23,"6'9"" (2.06m)",240lb (109kg),2 34 2019
Dorian Finney-Smith,https://ak-static.cms.nba.com/wp-content/uploads/headshots/nba/latest/260x190/1627827.png,10,"$4,000,000",Dallas Mavericks,Forward,5/4/1993,28,"6'7"" (2.01m)",220lb (100kg),- - -
Malik Fitts,https://ak-static.cms.nba.com/wp-content/uploads/headshots/nba/latest/260x190/1630238.png,24,,Utah Jazz,Forward,7/4/1997,24,"6'5"" (1.96m)",230lb (104kg),- - -
Malachi Flynn,https://ak-static.cms.nba.com/wp-content/uploads/headshots/nba/latest/260x190/1630201.png,22,"$4,193,760",Toronto Raptors,Guard,5/9/1998,23,"6'1"" (1.85m)",175lb (79kg),1 29 2020
Bryn Forbes,https://ak-static.cms.nba.com/wp-content/uploads/headshots/nba/latest/260x190/1627854.png,7,"$4,500,000",San Antonio Spurs,Guard,7/23/1993,28,"6'2"" (1.88m)",205lb (93kg),- - -
Trent Forrest,https://ak-static.cms.nba.com/wp-content/uploads/headshots/nba/latest/260x190/1630235.png,3,,Utah Jazz,Guard,6/12/1998,23,"6'4"" (1.93m)",210lb (95kg),- - -
Evan Fournier,https://ak-static.cms.nba.com/wp-content/uploads/headshots/nba/latest/260x190/203095.png,13,"$57,139,535",New York Knicks,Guard-Forward,10/29/1992,29,"6'6"" (1.98m)",205lb (93kg),1 20 2012
De'Aaron Fox,https://ak-static.cms.nba.com/wp-content/uploads/headshots/nba/latest/260x190/1628368.png,5,"$163,000,590",Sacramento Kings,Guard,12/20/1997,23,"6'3"" (1.91m)",185lb (84kg),1 5 2017
Daniel Gafford,https://ak-static.cms.nba.com/wp-content/uploads/headshots/nba/latest/260x190/1629655.png,21,"$43,895,782",Washington Wizards,Forward-Center,10/1/1998,23,"6'9"" (2.06m)",234lb (106kg),2 38 2019
Danilo Gallinari,https://ak-static.cms.nba.com/wp-content/uploads/headshots/nba/latest/260x190/201568.png,8,"$25,475,000",Atlanta Hawks,Forward,8/8/1988,33,"6'10"" (2.08m)",236lb (107kg),1 6 2008
Darius Garland,https://ak-static.cms.nba.com/wp-content/uploads/headshots/nba/latest/260x190/1629636.png,10,"$15,961,675",Cleveland Cavaliers,Guard,1/26/2000,21,"6'1"" (1.85m)",192lb (87kg),1 5 2019
Marcus Garrett,https://ak-static.cms.nba.com/wp-content/uploads/headshots/nba/latest/260x190/1630585.png,0,,Miami Heat,Guard,11/9/1998,23,"6'5"" (1.96m)",205lb (93kg),- - -
Usman Garuba,https://ak-static.cms.nba.com/wp-content/uploads/headshots/nba/latest/260x190/1630586.png,16,"$4,824,480",Houston Rockets,Forward,3/9/2002,19,"6'8"" (2.03m)",229lb (104kg),1 23 2021
Luka Garza,https://ak-static.cms.nba.com/wp-content/uploads/headshots/nba/latest/260x190/1630568.png,55,,Detroit Pistons,Center,12/27/1998,22,"6'10"" (2.08m)",243lb (110kg),2 52 2021
Paul George,https://ak-static.cms.nba.com/wp-content/uploads/headshots/nba/latest/260x190/202331.png,13,"$127,477,703",LA Clippers,Forward,5/2/1990,31,"6'8"" (2.03m)",220lb (100kg),1 10 2010
Taj Gibson,https://ak-static.cms.nba.com/wp-content/uploads/headshots/nba/latest/260x190/201959.png,67,"$4,910,000",New York Knicks,Forward,6/24/1985,36,"6'9"" (2.06m)",232lb (105kg),1 26 2009
Josh Giddey,https://ak-static.cms.nba.com/wp-content/uploads/headshots/nba/latest/260x190/1630581.png,3,"$12,275,400",Oklahoma City Thunder,Guard,10/10/2002,19,"6'8"" (2.03m)",205lb (93kg),1 6 2021
Shai Gilgeous-Alexander,https://ak-static.cms.nba.com/wp-content/uploads/headshots/nba/latest/260x190/1628983.png,2,"$178,045,532",Oklahoma City Thunder,Guard,7/12/1998,23,"6'6"" (1.98m)",180lb (82kg),1 11 2018
Anthony Gill,https://ak-static.cms.nba.com/wp-content/uploads/headshots/nba/latest/260x190/1630264.png,16,,Washington Wizards,Forward,10/17/1992,29,"6'7"" (2.01m)",230lb (104kg),- - -
Rudy Gobert,https://ak-static.cms.nba.com/wp-content/uploads/headshots/nba/latest/260x190/203497.png,27,"$158,344,829",Utah Jazz,Center,6/26/1992,29,"7'1"" (2.16m)",258lb (117kg),1 27 2013
Aaron Gordon,https://ak-static.cms.nba.com/wp-content/uploads/headshots/nba/latest/260x190/203932.png,50,"$80,207,637",Denver Nuggets,Forward,9/16/1995,26,"6'8"" (2.03m)",235lb (107kg),1 4 2014
Eric Gordon,https://ak-static.cms.nba.com/wp-content/uploads/headshots/nba/latest/260x190/201569.png,10,"$37,787,178",Houston Rockets,Guard,12/25/1988,32,"6'3"" (1.91m)",215lb (98kg),1 7 2008
Devonte' Graham,https://ak-static.cms.nba.com/wp-content/uploads/headshots/nba/latest/260x190/1628984.png,4,"$37,500,000",New Orleans Pelicans,Guard,2/22/1995,26,"6'1"" (1.85m)",195lb (88kg),2 34 2018
Jerami Grant,https://ak-static.cms.nba.com/wp-content/uploads/headshots/nba/latest/260x190/203924.png,9,"$40,952,381",Detroit Pistons,Forward,3/12/1994,27,"6'8"" (2.03m)",210lb (95kg),2 39 2014
Danny Green,https://ak-static.cms.nba.com/wp-content/uploads/headshots/nba/latest/260x190/201980.png,14,"$10,000,000",Philadelphia 76ers,Guard,6/22/1987,34,"6'6"" (1.98m)",215lb (98kg),2 46 2009
Draymond Green,https://ak-static.cms.nba.com/wp-content/uploads/headshots/nba/latest/260x190/203110.png,23,"$49,833,181",Golden State Warriors,Forward,3/4/1990,31,"6'6"" (1.98m)",230lb (104kg),2 35 2012
Jalen Green,https://ak-static.cms.nba.com/wp-content/uploads/headshots/nba/latest/260x190/1630224.png,0,"$18,433,920",Houston Rockets,Guard,2/9/2002,19,"6'4"" (1.93m)",186lb (84kg),1 2 2021
JaMychal Green,https://ak-static.cms.nba.com/wp-content/uploads/headshots/nba/latest/260x190/203210.png,0,"$17,000,000",Denver Nuggets,Forward-Center,6/21/1990,31,"6'8"" (2.03m)",227lb (103kg),- - -
Javonte Green,https://ak-static.cms.nba.com/wp-content/uploads/headshots/nba/latest/260x190/1629750.png,24,"$3,484,855",Chicago Bulls,Guard-Forward,7/23/1993,28,"6'5"" (1.96m)",205lb (93kg),- - -
Jeff Green,https://ak-static.cms.nba.com/wp-content/uploads/headshots/nba/latest/260x190/201145.png,32,"$4,500,000",Denver Nuggets,Forward,8/28/1986,35,"6'8"" (2.03m)",235lb (107kg),1 5 2007
Josh Green,https://ak-static.cms.nba.com/wp-content/uploads/headshots/nba/latest/260x190/1630182.png,8,"$6,055,920",Dallas Mavericks,Guard,11/16/2000,21,"6'5"" (1.96m)",200lb (91kg),1 18 2020
Blake Griffin,https://ak-static.cms.nba.com/wp-content/uploads/headshots/nba/latest/260x190/201933.png,2,"$29,764,126",Brooklyn Nets,Forward,3/16/1989,32,"6'9"" (2.06m)",250lb (113kg),1 1 2009
Quentin Grimes,https://ak-static.cms.nba.com/wp-content/uploads/headshots/nba/latest/260x190/1629656.png,6,"$4,445,760",New York Knicks,Guard,5/8/2000,21,"6'4"" (1.93m)",210lb (95kg),1 25 2021
Tyrese Haliburton,https://ak-static.cms.nba.com/wp-content/uploads/headshots/nba/latest/260x190/1630169.png,0,"$8,238,720",Sacramento Kings,Guard,2/29/2000,21,"6'5"" (1.96m)",185lb (84kg),1 12 2020
RJ Hampton,https://ak-static.cms.nba.com/wp-content/uploads/headshots/nba/latest/260x190/1630181.png,13,"$4,715,880",Orlando Magic,Guard,2/7/2001,20,"6'4"" (1.93m)",175lb (79kg),1 24 2020
Tim Hardaway Jr,https://ak-static.cms.nba.com/wp-content/uploads/headshots/nba/latest/260x190/203501.png,11,"$75,000,000",Dallas Mavericks,Guard-Forward,3/16/1992,29,"6'5"" (1.96m)",205lb (93kg),1 24 2013
James Harden,https://ak-static.cms.nba.com/wp-content/uploads/headshots/nba/latest/260x190/201935.png,13,"$43,848,000",Brooklyn Nets,Guard,8/26/1989,32,"6'5"" (1.96m)",220lb (100kg),1 3 2009
Maurice Harkless,https://ak-static.cms.nba.com/wp-content/uploads/headshots/nba/latest/260x190/203090.png,8,"$8,912,580",Sacramento Kings,Forward-Guard,5/11/1993,28,"6'7"" (2.01m)",220lb (100kg),1 15 2012
Montrezl Harrell,https://ak-static.cms.nba.com/wp-content/uploads/headshots/nba/latest/260x190/1626149.png,6,"$9,720,900",Washington Wizards,Forward-Center,1/26/1994,27,"6'7"" (2.01m)",240lb (109kg),2 32 2015
Gary Harris,https://ak-static.cms.nba.com/wp-content/uploads/headshots/nba/latest/260x190/203914.png,14,"$20,482,143",Orlando Magic,Guard,9/14/1994,27,"6'4"" (1.93m)",210lb (95kg),1 19 2014
Joe Harris,https://ak-static.cms.nba.com/wp-content/uploads/headshots/nba/latest/260x190/203925.png,12,"$55,928,571",Brooklyn Nets,Guard-Forward,9/6/1991,30,"6'6"" (1.98m)",220lb (100kg),2 33 2014
Tobias Harris,https://ak-static.cms.nba.com/wp-content/uploads/headshots/nba/latest/260x190/202699.png,12,"$115,448,276",Philadelphia 76ers,Forward,7/15/1992,29,"6'7"" (2.01m)",226lb (103kg),1 19 2011
Josh Hart,https://ak-static.cms.nba.com/wp-content/uploads/headshots/nba/latest/260x190/1628404.png,3,"$12,000,000",New Orleans Pelicans,Guard,3/6/1995,26,"6'5"" (1.96m)",215lb (98kg),1 30 2017
Isaiah Hartenstein,https://ak-static.cms.nba.com/wp-content/uploads/headshots/nba/latest/260x190/1628392.png,55,,LA Clippers,Center-Forward,5/5/1998,23,"7'0"" (2.13m)",250lb (113kg),2 43 2017
Udonis Haslem,https://ak-static.cms.nba.com/wp-content/uploads/headshots/nba/latest/260x190/2617.png,40,"$2,641,691",Miami Heat,Forward,6/9/1980,41,"6'8"" (2.03m)",235lb (107kg),- - -
Jaxson Hayes,https://ak-static.cms.nba.com/wp-content/uploads/headshots/nba/latest/260x190/1629637.png,10,"$12,151,292",New Orleans Pelicans,Center-Forward,5/23/2000,21,"6'11"" (2.11m)",220lb (100kg),1 8 2019
Killian Hayes,https://ak-static.cms.nba.com/wp-content/uploads/headshots/nba/latest/260x190/1630165.png,7,"$11,410,440",Detroit Pistons,Guard,7/27/2001,20,"6'5"" (1.96m)",195lb (88kg),1 7 2020
Gordon Hayward,https://ak-static.cms.nba.com/wp-content/uploads/headshots/nba/latest/260x190/202330.png,20,"$91,500,000",Charlotte Hornets,Forward,3/23/1990,31,"6'7"" (2.01m)",225lb (102kg),1 9 2010
Aaron Henry,https://ak-static.cms.nba.com/wp-content/uploads/headshots/nba/latest/260x190/1630565.png,50,,Philadelphia 76ers,Forward,8/30/1999,22,"6'5"" (1.96m)",210lb (95kg),- - -
Juan Hernangomez,https://ak-static.cms.nba.com/wp-content/uploads/headshots/nba/latest/260x190/None.png,-,"$7,012,440",-,-,-,-,-,-,-
Willy Hernangomez,https://ak-static.cms.nba.com/wp-content/uploads/headshots/nba/latest/260x190/1626195.png,9,"$4,770,801",New Orleans Pelicans,Center-Forward,5/27/1994,27,"6'11"" (2.11m)",250lb (113kg),2 35 2015
Tyler Herro,https://ak-static.cms.nba.com/wp-content/uploads/headshots/nba/latest/260x190/1629639.png,14,"$9,726,396",Miami Heat,Guard,1/20/2000,21,"6'5"" (1.96m)",195lb (88kg),1 13 2019
Buddy Hield,https://ak-static.cms.nba.com/wp-content/uploads/headshots/nba/latest/260x190/1627741.png,24,"$61,568,182",Sacramento Kings,Guard,12/17/1992,28,"6'4"" (1.93m)",220lb (100kg),1 6 2016
George Hill,https://ak-static.cms.nba.com/wp-content/uploads/headshots/nba/latest/260x190/201588.png,3,"$8,000,000",Milwaukee Bucks,Guard,5/4/1986,35,"6'4"" (1.93m)",188lb (85kg),1 26 2008
Solomon Hill,https://ak-static.cms.nba.com/wp-content/uploads/headshots/nba/latest/260x190/203524.png,18,"$2,389,641",Atlanta Hawks,Forward,3/18/1991,30,"6'6"" (1.98m)",226lb (103kg),1 23 2013
Aaron Holiday,https://ak-static.cms.nba.com/wp-content/uploads/headshots/nba/latest/260x190/1628988.png,4,"$3,980,551",Washington Wizards,Guard,9/30/1996,25,"6'0"" (1.83m)",185lb (84kg),1 23 2018
Jrue Holiday,https://ak-static.cms.nba.com/wp-content/uploads/headshots/nba/latest/260x190/201950.png,21,"$97,179,999",Milwaukee Bucks,Guard,6/12/1990,31,"6'3"" (1.91m)",205lb (93kg),1 17 2009
Justin Holiday,https://ak-static.cms.nba.com/wp-content/uploads/headshots/nba/latest/260x190/203200.png,8,"$12,298,860",Indiana Pacers,Forward-Guard,4/5/1989,32,"6'6"" (1.98m)",180lb (82kg),- - -
Richaun Holmes,https://ak-static.cms.nba.com/wp-content/uploads/headshots/nba/latest/260x190/1626158.png,22,"$33,645,780",Sacramento Kings,Forward,10/15/1993,28,"6'10"" (2.08m)",235lb (107kg),2 37 2015
Rodney Hood,https://ak-static.cms.nba.com/wp-content/uploads/headshots/nba/latest/260x190/203918.png,5,"$2,239,544",Milwaukee Bucks,Guard-Forward,10/20/1992,29,"6'8"" (2.03m)",208lb (94kg),1 23 2014
Al Horford,https://ak-static.cms.nba.com/wp-content/uploads/headshots/nba/latest/260x190/201143.png,42,"$41,500,000",Boston Celtics,Center-Forward,6/3/1986,35,"6'9"" (2.06m)",240lb (109kg),1 3 2007
Talen Horton-Tucker,https://ak-static.cms.nba.com/wp-content/uploads/headshots/nba/latest/260x190/1629659.png,5,"$19,760,000",Los Angeles Lakers,Guard,11/25/2000,20,"6'4"" (1.93m)",234lb (106kg),2 46 2019
Danuel House,https://ak-static.cms.nba.com/wp-content/uploads/headshots/nba/latest/260x190/None.png,-,"$3,894,000",-,-,-,-,-,-,-
Dwight Howard,https://ak-static.cms.nba.com/wp-content/uploads/headshots/nba/latest/260x190/2730.png,39,"$2,641,691",Los Angeles Lakers,Center-Forward,12/8/1985,35,"6'10"" (2.08m)",265lb (120kg),1 1 2004
Markus Howard,https://ak-static.cms.nba.com/wp-content/uploads/headshots/nba/latest/260x190/1630210.png,00,,Denver Nuggets,Guard,3/3/1999,22,"5'10"" (1.78m)",175lb (79kg),- - -
Kevin Huerter,https://ak-static.cms.nba.com/wp-content/uploads/headshots/nba/latest/260x190/1628989.png,3,"$69,253,357",Atlanta Hawks,Guard-Forward,8/27/1998,23,"6'7"" (2.01m)",198lb (90kg),1 19 2018
Jay Huff,https://ak-static.cms.nba.com/wp-content/uploads/headshots/nba/latest/260x190/1630643.png,34,,Los Angeles Lakers,Forward,8/25/1997,24,"7'1"" (2.16m)",240lb (109kg),- - -
Elijah Hughes,https://ak-static.cms.nba.com/wp-content/uploads/headshots/nba/latest/260x190/1630190.png,33,"$1,517,981",Utah Jazz,Guard,3/10/1998,23,"6'5"" (1.96m)",215lb (98kg),2 39 2020
De'Andre Hunter,https://ak-static.cms.nba.com/wp-content/uploads/headshots/nba/latest/260x190/1629631.png,12,"$17,611,281",Atlanta Hawks,Forward-Guard,12/2/1997,23,"6'8"" (2.03m)",221lb (100kg),1 4 2019
Chandler Hutchison,https://ak-static.cms.nba.com/wp-content/uploads/headshots/nba/latest/260x190/1628990.png,35,"$4,019,459",Phoenix Suns,Forward-Guard,4/26/1996,25,"6'6"" (1.98m)",210lb (95kg),1 22 2018
Bones Hyland,https://ak-static.cms.nba.com/wp-content/uploads/headshots/nba/latest/260x190/1630538.png,3,"$4,298,280",Denver Nuggets,Guard,9/14/2000,21,"6'2"" (1.88m)",169lb (77kg),1 26 2021
Serge Ibaka,https://ak-static.cms.nba.com/wp-content/uploads/headshots/nba/latest/260x190/201586.png,9,"$9,742,000",LA Clippers,Forward,9/18/1989,32,"6'10"" (2.08m)",235lb (107kg),1 24 2008
Andre Iguodala,https://ak-static.cms.nba.com/wp-content/uploads/headshots/nba/latest/260x190/2738.png,9,"$2,641,691",Golden State Warriors,Guard-Forward,1/28/1984,37,"6'6"" (1.98m)",215lb (98kg),1 9 2004
Joe Ingles,https://ak-static.cms.nba.com/wp-content/uploads/headshots/nba/latest/260x190/204060.png,2,"$14,000,000",Utah Jazz,Forward-Guard,10/2/1987,34,"6'8"" (2.03m)",220lb (100kg),- - -
Brandon Ingram,https://ak-static.cms.nba.com/wp-content/uploads/headshots/nba/latest/260x190/1627742.png,14,"$130,968,000",New Orleans Pelicans,Forward,9/2/1997,24,"6'8"" (2.03m)",190lb (86kg),1 2 2016
Frank Jackson,https://ak-static.cms.nba.com/wp-content/uploads/headshots/nba/latest/260x190/1628402.png,5,"$3,000,000",Detroit Pistons,Guard,5/4/1998,23,"6'3"" (1.91m)",205lb (93kg),2 31 2017
Isaiah Jackson,https://ak-static.cms.nba.com/wp-content/uploads/headshots/nba/latest/260x190/1630543.png,23,"$5,024,880",Indiana Pacers,Forward,1/10/2002,19,"6'10"" (2.08m)",205lb (93kg),1 22 2021
Jaren Jackson Jr,https://ak-static.cms.nba.com/wp-content/uploads/headshots/nba/latest/260x190/1628991.png,13,"$114,180,560",Memphis Grizzlies,Forward-Center,9/15/1999,22,"6'11"" (2.11m)",242lb (110kg),1 4 2018
Josh Jackson,https://ak-static.cms.nba.com/wp-content/uploads/headshots/nba/latest/260x190/1628367.png,20,"$5,005,350",Detroit Pistons,Guard-Forward,2/10/1997,24,"6'8"" (2.03m)",207lb (94kg),1 4 2017
Reggie Jackson,https://ak-static.cms.nba.com/wp-content/uploads/headshots/nba/latest/260x190/202704.png,1,"$21,599,760",LA Clippers,Guard,4/16/1990,31,"6'2"" (1.88m)",208lb (94kg),1 24 2011
LeBron James,https://ak-static.cms.nba.com/wp-content/uploads/headshots/nba/latest/260x190/2544.png,6,"$85,655,532",Los Angeles Lakers,Forward,12/30/1984,36,"6'9"" (2.06m)",250lb (113kg),1 1 2003
DeJon Jarreau,https://ak-static.cms.nba.com/wp-content/uploads/headshots/nba/latest/260x190/1630610.png,17,,Indiana Pacers,Guard,1/23/1998,23,"6'5"" (1.96m)",185lb (84kg),- - -
Ty Jerome,https://ak-static.cms.nba.com/wp-content/uploads/headshots/nba/latest/260x190/1629660.png,16,"$6,632,897",Oklahoma City Thunder,Guard-Forward,7/8/1997,24,"6'5"" (1.96m)",195lb (88kg),1 24 2019
Isaiah Joe,https://ak-static.cms.nba.com/wp-content/uploads/headshots/nba/latest/260x190/1630198.png,7,"$1,517,981",Philadelphia 76ers,Guard,7/2/1999,22,"6'4"" (1.93m)",165lb (75kg),2 49 2020
Alize Johnson,https://ak-static.cms.nba.com/wp-content/uploads/headshots/nba/latest/260x190/1628993.png,22,,Chicago Bulls,Forward,4/22/1996,25,"6'8"" (2.03m)",212lb (96kg),2 50 2018
Cameron Johnson,https://ak-static.cms.nba.com/wp-content/uploads/headshots/nba/latest/260x190/1629661.png,23,"$10,324,899",Phoenix Suns,Forward,3/3/1996,25,"6'8"" (2.03m)",210lb (95kg),1 11 2019
David Johnson,https://ak-static.cms.nba.com/wp-content/uploads/headshots/nba/latest/260x190/1630525.png,13,,Toronto Raptors,Guard,2/26/2001,20,"6'4"" (1.93m)",203lb (92kg),2 47 2021
Jalen Johnson,https://ak-static.cms.nba.com/wp-content/uploads/headshots/nba/latest/260x190/1630552.png,1,"$5,452,080",Atlanta Hawks,Forward,12/18/2001,19,"6'8"" (2.03m)",219lb (99kg),1 20 2021
James Johnson,https://ak-static.cms.nba.com/wp-content/uploads/headshots/nba/latest/260x190/201949.png,16,"$2,641,691",Brooklyn Nets,Forward,2/20/1987,34,"6'7"" (2.01m)",240lb (109kg),1 16 2009
Keldon Johnson,https://ak-static.cms.nba.com/wp-content/uploads/headshots/nba/latest/260x190/1629640.png,3,"$6,018,745",San Antonio Spurs,Forward-Guard,10/11/1999,22,"6'6"" (1.98m)",220lb (100kg),1 29 2019
Keon Johnson,https://ak-static.cms.nba.com/wp-content/uploads/headshots/nba/latest/260x190/1630553.png,45,"$5,234,160",LA Clippers,Guard,3/10/2002,19,"6'4"" (1.93m)",185lb (84kg),1 21 2021
Nikola Jokic,https://ak-static.cms.nba.com/wp-content/uploads/headshots/nba/latest/260x190/203999.png,15,"$62,989,260",Denver Nuggets,Center,2/19/1995,26,"6'11"" (2.11m)",284lb (129kg),2 41 2014
Damian Jones,https://ak-static.cms.nba.com/wp-content/uploads/headshots/nba/latest/260x190/1627745.png,30,,Sacramento Kings,Center,6/30/1995,26,"6'11"" (2.11m)",245lb (111kg),1 30 2016
Derrick Jones Jr,https://ak-static.cms.nba.com/wp-content/uploads/headshots/nba/latest/260x190/1627884.png,5,"$9,731,707",Chicago Bulls,Forward,2/15/1997,24,"6'6"" (1.98m)",210lb (95kg),- - -
Herb Jones,https://ak-static.cms.nba.com/wp-content/uploads/headshots/nba/latest/260x190/None.png,-,"$3,485,000",-,-,-,-,-,-,-
Kai Jones,https://ak-static.cms.nba.com/wp-content/uploads/headshots/nba/latest/260x190/1630539.png,23,"$5,679,720",Charlotte Hornets,Center-Forward,1/19/2001,20,"6'10"" (2.08m)",221lb (100kg),1 19 2021
Tre Jones,https://ak-static.cms.nba.com/wp-content/uploads/headshots/nba/latest/260x190/1630200.png,33,"$1,517,981",San Antonio Spurs,Guard,1/8/2000,21,"6'1"" (1.85m)",185lb (84kg),2 41 2020
Tyus Jones,https://ak-static.cms.nba.com/wp-content/uploads/headshots/nba/latest/260x190/1626145.png,21,"$7,522,200",Memphis Grizzlies,Guard,5/10/1996,25,"6'0"" (1.83m)",196lb (89kg),1 24 2015
DeAndre Jordan,https://ak-static.cms.nba.com/wp-content/uploads/headshots/nba/latest/260x190/201599.png,10,"$15,703,440",Los Angeles Lakers,Center,7/21/1988,33,"6'11"" (2.11m)",265lb (120kg),2 35 2008
Cory Joseph,https://ak-static.cms.nba.com/wp-content/uploads/headshots/nba/latest/260x190/202709.png,18,"$7,310,000",Detroit Pistons,Guard,8/20/1991,30,"6'3"" (1.91m)",200lb (91kg),1 29 2011
Georgios Kalaitzakis,https://ak-static.cms.nba.com/wp-content/uploads/headshots/nba/latest/260x190/1630686.png,18,"$462,629",Milwaukee Bucks,Forward,1/2/1999,22,"6'7"" (2.01m)",192lb (87kg),2 60 2021
Frank Kaminsky,https://ak-static.cms.nba.com/wp-content/uploads/headshots/nba/latest/260x190/1626163.png,8,"$2,089,448",Phoenix Suns,Forward-Center,4/4/1993,28,"7'0"" (2.13m)",240lb (109kg),1 9 2015
Enes Kanter,https://ak-static.cms.nba.com/wp-content/uploads/headshots/nba/latest/260x190/202683.png,13,"$2,641,691",Boston Celtics,Center,5/20/1992,29,"6'10"" (2.08m)",250lb (113kg),1 3 2011
Luke Kennard,https://ak-static.cms.nba.com/wp-content/uploads/headshots/nba/latest/260x190/1628379.png,5,"$41,236,364",LA Clippers,Guard,6/24/1996,25,"6'5"" (1.96m)",206lb (93kg),1 12 2017
Corey Kispert,https://ak-static.cms.nba.com/wp-content/uploads/headshots/nba/latest/260x190/1630557.png,24,"$6,936,600",Washington Wizards,Forward,3/3/1999,22,"6'6"" (1.98m)",224lb (102kg),1 15 2021
Maxi Kleber,https://ak-static.cms.nba.com/wp-content/uploads/headshots/nba/latest/260x190/1628467.png,42,"$8,750,000",Dallas Mavericks,Forward,1/29/1992,29,"6'10"" (2.08m)",240lb (109kg),- - -
Nathan Knight,https://ak-static.cms.nba.com/wp-content/uploads/headshots/nba/latest/260x190/1630233.png,30,,Minnesota Timberwolves,Forward-Center,9/20/1997,24,"6'10"" (2.08m)",253lb (115kg),- - -
Kevin Knox,https://ak-static.cms.nba.com/wp-content/uploads/headshots/nba/latest/260x190/None.png,-,"$5,845,978",-,-,-,-,-,-,-
John Konchar,https://ak-static.cms.nba.com/wp-content/uploads/headshots/nba/latest/260x190/1629723.png,46,"$6,906,977",Memphis Grizzlies,Guard,3/22/1996,25,"6'5"" (1.96m)",210lb (95kg),- - -
Furkan Korkmaz,https://ak-static.cms.nba.com/wp-content/uploads/headshots/nba/latest/260x190/1627788.png,30,"$15,000,000",Philadelphia 76ers,Guard-Forward,7/24/1997,24,"6'7"" (2.01m)",202lb (92kg),1 26 2016
Vit Krejci,https://ak-static.cms.nba.com/wp-content/uploads/headshots/nba/latest/260x190/1630249.png,27,"$1,707,017",Oklahoma City Thunder,Guard,6/19/2000,21,"6'8"" (2.03m)",195lb (88kg),2 37 2020
Jonathan Kuminga,https://ak-static.cms.nba.com/wp-content/uploads/headshots/nba/latest/260x190/1630228.png,00,"$11,206,320",Golden State Warriors,Forward,10/6/2002,19,"6'7"" (2.01m)",225lb (102kg),1 7 2021
Kyle Kuzma,https://ak-static.cms.nba.com/wp-content/uploads/headshots/nba/latest/260x190/1628398.png,33,"$26,000,000",Washington Wizards,Forward,7/24/1995,26,"6'9"" (2.06m)",221lb (100kg),1 27 2017
Jeremy Lamb,https://ak-static.cms.nba.com/wp-content/uploads/headshots/nba/latest/260x190/203087.png,26,"$10,500,000",Indiana Pacers,Guard-Forward,5/30/1992,29,"6'5"" (1.96m)",180lb (82kg),1 12 2012
Jock Landale,https://ak-static.cms.nba.com/wp-content/uploads/headshots/nba/latest/260x190/1629111.png,34,"$925,258",San Antonio Spurs,Center,10/25/1995,26,"6'11"" (2.11m)",255lb (116kg),- - -
Romeo Langford,https://ak-static.cms.nba.com/wp-content/uploads/headshots/nba/latest/260x190/1629641.png,9,"$9,438,617",Boston Celtics,Guard-Forward,10/25/1999,22,"6'5"" (1.96m)",216lb (98kg),1 14 2019
Zach LaVine,https://ak-static.cms.nba.com/wp-content/uploads/headshots/nba/latest/260x190/203897.png,8,"$19,500,000",Chicago Bulls,Guard-Forward,3/10/1995,26,"6'5"" (1.96m)",200lb (91kg),1 13 2014
Jake Layman,https://ak-static.cms.nba.com/wp-content/uploads/headshots/nba/latest/260x190/1627774.png,10,"$3,940,184",Minnesota Timberwolves,Forward,3/7/1994,27,"6'8"" (2.03m)",209lb (95kg),2 47 2016
Damion Lee,https://ak-static.cms.nba.com/wp-content/uploads/headshots/nba/latest/260x190/1627814.png,1,,Golden State Warriors,Guard-Forward,10/21/1992,29,"6'5"" (1.96m)",210lb (95kg),- - -
Saben Lee,https://ak-static.cms.nba.com/wp-content/uploads/headshots/nba/latest/260x190/1630240.png,38,"$3,241,703",Detroit Pistons,Guard,6/23/1999,22,"6'2"" (1.88m)",183lb (83kg),2 38 2020
Alex Len,https://ak-static.cms.nba.com/wp-content/uploads/headshots/nba/latest/260x190/203458.png,25,"$7,650,000",Sacramento Kings,Center,6/16/1993,28,"7'0"" (2.13m)",250lb (113kg),1 5 2013
Caris LeVert,https://ak-static.cms.nba.com/wp-content/uploads/headshots/nba/latest/260x190/1627747.png,22,"$36,296,296",Indiana Pacers,Guard,8/25/1994,27,"6'6"" (1.98m)",205lb (93kg),1 20 2016
Kira Lewis Jr,https://ak-static.cms.nba.com/wp-content/uploads/headshots/nba/latest/260x190/1630184.png,13,"$7,826,520",New Orleans Pelicans,Guard,4/6/2001,20,"6'1"" (1.85m)",170lb (77kg),1 13 2020
Damian Lillard,https://ak-static.cms.nba.com/wp-content/uploads/headshots/nba/latest/260x190/203081.png,0,"$176,265,152",Portland Trail Blazers,Guard,7/15/1990,31,"6'2"" (1.88m)",195lb (88kg),1 6 2012
Nassir Little,https://ak-static.cms.nba.com/wp-content/uploads/headshots/nba/latest/260x190/1629642.png,9,"$6,487,788",Portland Trail Blazers,Forward-Guard,2/11/2000,21,"6'5"" (1.96m)",220lb (100kg),1 25 2019
Kevon Looney,https://ak-static.cms.nba.com/wp-content/uploads/headshots/nba/latest/260x190/1626172.png,5,"$5,178,572",Golden State Warriors,Forward,2/6/1996,25,"6'9"" (2.06m)",222lb (101kg),1 30 2015
Brook Lopez,https://ak-static.cms.nba.com/wp-content/uploads/headshots/nba/latest/260x190/201572.png,11,"$27,209,301",Milwaukee Bucks,Center,4/1/1988,33,"7'0"" (2.13m)",282lb (128kg),1 10 2008
Robin Lopez,https://ak-static.cms.nba.com/wp-content/uploads/headshots/nba/latest/260x190/201577.png,33,"$5,000,000",Orlando Magic,Center,4/1/1988,33,"7'0"" (2.13m)",281lb (127kg),1 15 2008
Didi Louzada,https://ak-static.cms.nba.com/wp-content/uploads/headshots/nba/latest/260x190/1629712.png,0,"$3,663,100",New Orleans Pelicans,Guard,7/2/1999,22,"6'5"" (1.96m)",188lb (85kg),2 35 2019
Kevin Love,https://ak-static.cms.nba.com/wp-content/uploads/headshots/nba/latest/260x190/201567.png,0,"$60,200,000",Cleveland Cavaliers,Forward-Center,9/7/1988,33,"6'8"" (2.03m)",251lb (114kg),1 5 2008
Kyle Lowry,https://ak-static.cms.nba.com/wp-content/uploads/headshots/nba/latest/260x190/200768.png,7,"$85,000,002",Miami Heat,Guard,3/25/1986,35,"6'0"" (1.83m)",196lb (89kg),1 24 2006
Timothe Luwawu-Cabarrot,https://ak-static.cms.nba.com/wp-content/uploads/headshots/nba/latest/260x190/1627789.png,7,,Atlanta Hawks,Guard-Forward,5/9/1995,26,"6'7"" (2.01m)",215lb (98kg),1 24 2016
Trey Lyles,https://ak-static.cms.nba.com/wp-content/uploads/headshots/nba/latest/260x190/1626168.png,8,"$2,500,000",Detroit Pistons,Forward,11/5/1995,26,"6'9"" (2.06m)",234lb (106kg),1 12 2015
Theo Maledon,https://ak-static.cms.nba.com/wp-content/uploads/headshots/nba/latest/260x190/1630177.png,11,"$2,000,000",Oklahoma City Thunder,Guard,6/12/2001,20,"6'4"" (1.93m)",175lb (79kg),2 34 2020
Sandro Mamukelashvili,https://ak-static.cms.nba.com/wp-content/uploads/headshots/nba/latest/260x190/1630572.png,54,,Milwaukee Bucks,Forward-Center,5/23/1999,22,"6'9"" (2.06m)",240lb (109kg),2 54 2021
Terance Mann,https://ak-static.cms.nba.com/wp-content/uploads/headshots/nba/latest/260x190/1629611.png,14,"$25,713,302",LA Clippers,Guard-Forward,10/18/1996,25,"6'5"" (1.96m)",215lb (98kg),2 48 2019
Tre Mann,https://ak-static.cms.nba.com/wp-content/uploads/headshots/nba/latest/260x190/1630544.png,23,"$5,947,440",Oklahoma City Thunder,Guard,2/3/2001,20,"6'3"" (1.91m)",178lb (81kg),1 18 2021
Boban Marjanovic,https://ak-static.cms.nba.com/wp-content/uploads/headshots/nba/latest/260x190/1626246.png,51,"$7,000,000",Dallas Mavericks,Center,8/15/1988,33,"7'3"" (2.21m)",290lb (132kg),- - -
Lauri Markkanen,https://ak-static.cms.nba.com/wp-content/uploads/headshots/nba/latest/260x190/1628374.png,24,"$55,426,362",Cleveland Cavaliers,Forward-Center,5/22/1997,24,"6'11"" (2.11m)",240lb (109kg),1 7 2017
Naji Marshall,https://ak-static.cms.nba.com/wp-content/uploads/headshots/nba/latest/260x190/1630230.png,8,"$1,517,981",New Orleans Pelicans,Forward,1/24/1998,23,"6'7"" (2.01m)",220lb (100kg),- - -
Caleb Martin,https://ak-static.cms.nba.com/wp-content/uploads/headshots/nba/latest/260x190/1628997.png,16,,Miami Heat,Forward,9/28/1995,26,"6'5"" (1.96m)",205lb (93kg),- - -
Cody Martin,https://ak-static.cms.nba.com/wp-content/uploads/headshots/nba/latest/260x190/1628998.png,11,"$1,782,621",Charlotte Hornets,Forward,9/28/1995,26,"6'6"" (1.98m)",205lb (93kg),2 36 2019
Kelan Martin,https://ak-static.cms.nba.com/wp-content/uploads/headshots/nba/latest/260x190/1629103.png,21,,Indiana Pacers,Forward,8/3/1995,26,"6'5"" (1.96m)",230lb (104kg),- - -
Kenyon Martin Jr,https://ak-static.cms.nba.com/wp-content/uploads/headshots/nba/latest/260x190/1630231.png,6,,Houston Rockets,Forward,1/6/2001,20,"6'5"" (1.96m)",215lb (98kg),2 52 2020
Garrison Mathews,https://ak-static.cms.nba.com/wp-content/uploads/headshots/nba/latest/260x190/1629726.png,25,,Houston Rockets,Guard,10/24/1996,25,"6'5"" (1.96m)",215lb (98kg),- - -
Tyrese Maxey,https://ak-static.cms.nba.com/wp-content/uploads/headshots/nba/latest/260x190/1630178.png,0,"$5,329,800",Philadelphia 76ers,Guard,11/4/2000,21,"6'2"" (1.88m)",200lb (91kg),1 21 2020
Skylar Mays,https://ak-static.cms.nba.com/wp-content/uploads/headshots/nba/latest/260x190/1630219.png,4,,Atlanta Hawks,Guard,9/5/1997,24,"6'4"" (1.93m)",205lb (93kg),2 50 2020
Miles McBride,https://ak-static.cms.nba.com/wp-content/uploads/headshots/nba/latest/260x190/1630540.png,2,"$2,488,776",New York Knicks,Guard,9/8/2000,21,"6'1"" (1.85m)",195lb (88kg),2 36 2021
CJ McCollum,https://ak-static.cms.nba.com/wp-content/uploads/headshots/nba/latest/260x190/203468.png,3,"$100,000,000",Portland Trail Blazers,Guard,9/19/1991,30,"6'3"" (1.91m)",190lb (86kg),1 10 2013
TJ McConnell,https://ak-static.cms.nba.com/wp-content/uploads/headshots/nba/latest/260x190/204456.png,9,"$29,300,000",Indiana Pacers,Guard,3/25/1992,29,"6'1"" (1.85m)",190lb (86kg),-
Jaden McDaniels,https://ak-static.cms.nba.com/wp-content/uploads/headshots/nba/latest/260x190/1630183.png,3,"$4,224,720",Minnesota Timberwolves,Forward,9/29/2000,21,"6'9"" (2.06m)",185lb (84kg),1 28 2020
Jalen McDaniels,https://ak-static.cms.nba.com/wp-content/uploads/headshots/nba/latest/260x190/1629667.png,6,,Charlotte Hornets,Forward-Center,1/31/1998,23,"6'9"" (2.06m)",205lb (93kg),2 52 2019
Doug McDermott,https://ak-static.cms.nba.com/wp-content/uploads/headshots/nba/latest/260x190/203926.png,17,"$41,250,000",San Antonio Spurs,Forward,1/3/1992,29,"6'7"" (2.01m)",225lb (102kg),1 11 2014
JaVale McGee,https://ak-static.cms.nba.com/wp-content/uploads/headshots/nba/latest/260x190/201580.png,00,"$5,000,000",Phoenix Suns,Center-Forward,1/19/1988,33,"7'0"" (2.13m)",270lb (122kg),1 18 2008
Rodney McGruder,https://ak-static.cms.nba.com/wp-content/uploads/headshots/nba/latest/260x190/203585.png,17,"$1,939,350",Detroit Pistons,Guard,7/29/1991,30,"6'4"" (1.93m)",205lb (93kg),- - -
JaQuori McLaughlin,https://ak-static.cms.nba.com/wp-content/uploads/headshots/nba/latest/260x190/1630605.png,uard,,Dallas Mavericks ,-,1/29/1998,23,"6'4"" (1.93m)",190lb (86kg),- - -
Jordan McLaughlin,https://ak-static.cms.nba.com/wp-content/uploads/headshots/nba/latest/260x190/1629162.png,6,"$5,453,037",Minnesota Timberwolves,Guard,4/9/1996,25,"5'11"" (1.80m)",185lb (84kg),- - -
Ben McLemore,https://ak-static.cms.nba.com/wp-content/uploads/headshots/nba/latest/260x190/203463.png,23,"$2,389,641",Portland Trail Blazers,Guard,2/11/1993,28,"6'3"" (1.91m)",195lb (88kg),1 7 2013
De'Anthony Melton,https://ak-static.cms.nba.com/wp-content/uploads/headshots/nba/latest/260x190/1629001.png,0,"$27,187,500",Memphis Grizzlies,Guard,5/28/1998,23,"6'2"" (1.88m)",200lb (91kg),2 46 2018
Sam Merrill,https://ak-static.cms.nba.com/wp-content/uploads/headshots/nba/latest/260x190/1630241.png,25,"$500,000",Memphis Grizzlies,Guard,5/15/1996,25,"6'4"" (1.93m)",205lb (93kg),2 60 2020
Chimezie Metu,https://ak-static.cms.nba.com/wp-content/uploads/headshots/nba/latest/260x190/1629002.png,7,,Sacramento Kings,Forward-Center,3/22/1997,24,"6'9"" (2.06m)",225lb (102kg),2 49 2018
Khris Middleton,https://ak-static.cms.nba.com/wp-content/uploads/headshots/nba/latest/260x190/203114.png,22,"$73,448,276",Milwaukee Bucks,Forward,8/12/1991,30,"6'7"" (2.01m)",222lb (101kg),2 39 2012
Patty Mills,https://ak-static.cms.nba.com/wp-content/uploads/headshots/nba/latest/260x190/201988.png,8,"$5,890,000",Brooklyn Nets,Guard,8/11/1988,33,"6'0"" (1.83m)",180lb (82kg),2 55 2009
Paul Millsap,https://ak-static.cms.nba.com/wp-content/uploads/headshots/nba/latest/260x190/200794.png,31,"$2,641,691",Brooklyn Nets,Forward,2/10/1985,36,"6'7"" (2.01m)",257lb (117kg),2 47 2006
Shake Milton,https://ak-static.cms.nba.com/wp-content/uploads/headshots/nba/latest/260x190/1629003.png,18,"$1,846,738",Philadelphia 76ers,Guard-Forward,9/26/1996,25,"6'5"" (1.96m)",205lb (93kg),2 54 2018
Davion Mitchell,https://ak-static.cms.nba.com/wp-content/uploads/headshots/nba/latest/260x190/1630558.png,15,"$9,436,920",Sacramento Kings,Guard,9/5/1998,23,"6'0"" (1.83m)",202lb (92kg),1 9 2021
Donovan Mitchell,https://ak-static.cms.nba.com/wp-content/uploads/headshots/nba/latest/260x190/1628378.png,45,"$125,903,904",Utah Jazz,Guard,9/7/1996,25,"6'1"" (1.85m)",215lb (98kg),1 13 2017
Evan Mobley,https://ak-static.cms.nba.com/wp-content/uploads/headshots/nba/latest/260x190/1630596.png,4,"$16,553,880",Cleveland Cavaliers,Center,6/18/2001,20,"6'11"" (2.11m)",215lb (98kg),1 3 2021
Malik Monk,https://ak-static.cms.nba.com/wp-content/uploads/headshots/nba/latest/260x190/1628370.png,11,"$1,789,256",Los Angeles Lakers,Guard,2/4/1998,23,"6'3"" (1.91m)",200lb (91kg),1 11 2017
Moses Moody,https://ak-static.cms.nba.com/wp-content/uploads/headshots/nba/latest/260x190/1630541.png,4,"$7,302,240",Golden State Warriors,Guard,5/31/2002,19,"6'5"" (1.96m)",211lb (96kg),1 14 2021
Ja Morant,https://ak-static.cms.nba.com/wp-content/uploads/headshots/nba/latest/260x190/1629630.png,12,"$21,722,800",Memphis Grizzlies,Guard,8/10/1999,22,"6'3"" (1.91m)",174lb (79kg),1 2 2019
Marcus Morris,https://ak-static.cms.nba.com/wp-content/uploads/headshots/nba/latest/260x190/None.png,-,"$49,116,279",-,-,-,-,-,-,-
Markieff Morris,https://ak-static.cms.nba.com/wp-content/uploads/headshots/nba/latest/260x190/202693.png,8,"$2,641,691",Miami Heat,Forward,9/2/1989,32,"6'9"" (2.06m)",245lb (111kg),1 13 2011
Monte Morris,https://ak-static.cms.nba.com/wp-content/uploads/headshots/nba/latest/260x190/1628420.png,11,"$27,000,000",Denver Nuggets,Guard,6/27/1995,26,"6'2"" (1.88m)",183lb (83kg),2 51 2017
Mychal Mulder,https://ak-static.cms.nba.com/wp-content/uploads/headshots/nba/latest/260x190/1628539.png,2,,Orlando Magic,Guard,6/12/1994,27,"6'3"" (1.91m)",184lb (83kg),- - -
Trey Murphy III,https://ak-static.cms.nba.com/wp-content/uploads/headshots/nba/latest/260x190/1630530.png,25,"$6,260,400",New Orleans Pelicans,Forward,6/18/2000,21,"6'8"" (2.03m)",206lb (93kg),1 17 2021
Dejounte Murray,https://ak-static.cms.nba.com/wp-content/uploads/headshots/nba/latest/260x190/1627749.png,5,"$49,714,286",San Antonio Spurs,Guard,9/19/1996,25,"6'4"" (1.93m)",180lb (82kg),1 29 2016
Mike Muscala,https://ak-static.cms.nba.com/wp-content/uploads/headshots/nba/latest/260x190/203488.png,33,"$3,500,000",Oklahoma City Thunder,Forward-Center,7/1/1991,30,"6'10"" (2.08m)",240lb (109kg),2 44 2013
Svi Mykhailiuk,https://ak-static.cms.nba.com/wp-content/uploads/headshots/nba/latest/260x190/1629004.png,14,"$1,729,217",Toronto Raptors,Guard-Forward,6/10/1997,24,"6'7"" (2.01m)",205lb (93kg),2 47 2018
Abdel Nader,https://ak-static.cms.nba.com/wp-content/uploads/headshots/nba/latest/260x190/1627846.png,11,"$2,000,000",Phoenix Suns,Forward,9/25/1993,28,"6'5"" (1.96m)",225lb (102kg),2 58 2016
Larry Nance Jr,https://ak-static.cms.nba.com/wp-content/uploads/headshots/nba/latest/260x190/1626204.png,11,"$20,363,636",Portland Trail Blazers,Forward-Center,1/1/1993,28,"6'7"" (2.01m)",245lb (111kg),1 27 2015
RJ Nembhard,https://ak-static.cms.nba.com/wp-content/uploads/headshots/nba/latest/260x190/None.png,-,,-,-,-,-,-,-,-
Aaron Nesmith,https://ak-static.cms.nba.com/wp-content/uploads/headshots/nba/latest/260x190/1630174.png,26,"$7,435,560",Boston Celtics,Guard-Forward,10/16/1999,22,"6'5"" (1.96m)",215lb (98kg),1 14 2020
Raul Neto,https://ak-static.cms.nba.com/wp-content/uploads/headshots/nba/latest/260x190/203526.png,19,"$2,089,448",Washington Wizards,Guard,5/19/1992,29,"6'2"" (1.88m)",180lb (82kg),2 47 2013
Georges Niang,https://ak-static.cms.nba.com/wp-content/uploads/headshots/nba/latest/260x190/1627777.png,20,"$6,765,000",Philadelphia 76ers,Forward,6/17/1993,28,"6'7"" (2.01m)",230lb (104kg),2 50 2016
Zeke Nnaji,https://ak-static.cms.nba.com/wp-content/uploads/headshots/nba/latest/260x190/1630192.png,22,"$5,116,560",Denver Nuggets,Forward-Center,1/9/2001,20,"6'9"" (2.06m)",240lb (109kg),1 22 2020
Nerlens Noel,https://ak-static.cms.nba.com/wp-content/uploads/headshots/nba/latest/260x190/203457.png,3,"$18,040,000",New York Knicks,Center-Forward,4/10/1994,27,"6'11"" (2.11m)",220lb (100kg),1 6 2013
Jaylen Nowell,https://ak-static.cms.nba.com/wp-content/uploads/headshots/nba/latest/260x190/1629669.png,4,,Minnesota Timberwolves,Guard,7/9/1999,22,"6'4"" (1.93m)",201lb (91kg),2 43 2019
Frank Ntilikina,https://ak-static.cms.nba.com/wp-content/uploads/headshots/nba/latest/260x190/1628373.png,21,"$1,789,256",Dallas Mavericks,Guard,7/28/1998,23,"6'4"" (1.93m)",200lb (91kg),1 8 2017
Jusuf Nurkic,https://ak-static.cms.nba.com/wp-content/uploads/headshots/nba/latest/260x190/203994.png,27,"$4,000,000",Portland Trail Blazers,Center,8/23/1994,27,"6'11"" (2.11m)",290lb (132kg),1 16 2014
David Nwaba,https://ak-static.cms.nba.com/wp-content/uploads/headshots/nba/latest/260x190/1628021.png,2,"$9,672,000",Houston Rockets,Guard-Forward,1/14/1993,28,"6'5"" (1.96m)",219lb (99kg),- - -
Jordan Nwora,https://ak-static.cms.nba.com/wp-content/uploads/headshots/nba/latest/260x190/1629670.png,13,"$1,517,981",Milwaukee Bucks,Forward,9/9/1998,23,"6'8"" (2.03m)",225lb (102kg),2 45 2020
Royce O'Neale,https://ak-static.cms.nba.com/wp-content/uploads/headshots/nba/latest/260x190/1626220.png,23,"$27,964,286",Utah Jazz,Forward,6/5/1993,28,"6'5"" (1.96m)",226lb (103kg),- - -
Semi Ojeleye,https://ak-static.cms.nba.com/wp-content/uploads/headshots/nba/latest/260x190/1628400.png,37,"$1,789,256",Milwaukee Bucks,Forward,12/5/1994,26,"6'6"" (1.98m)",240lb (109kg),2 37 2017
Chuma Okeke,https://ak-static.cms.nba.com/wp-content/uploads/headshots/nba/latest/260x190/1629643.png,3,"$6,710,400",Orlando Magic,Forward,8/18/1998,23,"6'6"" (1.98m)",229lb (104kg),1 16 2019
Josh Okogie,https://ak-static.cms.nba.com/wp-content/uploads/headshots/nba/latest/260x190/1629006.png,20,"$4,087,904",Minnesota Timberwolves,Guard,9/1/1998,23,"6'4"" (1.93m)",213lb (97kg),1 20 2018
Isaac Okoro,https://ak-static.cms.nba.com/wp-content/uploads/headshots/nba/latest/260x190/1630171.png,35,"$13,761,600",Cleveland Cavaliers,Forward-Guard,1/26/2001,20,"6'5"" (1.96m)",225lb (102kg),1 5 2020
KZ Okpala,https://ak-static.cms.nba.com/wp-content/uploads/headshots/nba/latest/260x190/1629644.png,11,"$1,782,621",Miami Heat,Forward-Guard,4/28/1999,22,"6'8"" (2.03m)",215lb (98kg),2 32 2019
Kelly Olynyk,https://ak-static.cms.nba.com/wp-content/uploads/headshots/nba/latest/260x190/203482.png,13,"$28,000,000",Detroit Pistons,Forward-Center,4/19/1991,30,"6'11"" (2.11m)",240lb (109kg),1 13 2013
Eugene Omoruyi,https://ak-static.cms.nba.com/wp-content/uploads/headshots/nba/latest/260x190/1630647.png,orward,,Dallas Mavericks ,-,2/14/1997,24,"6'6"" (1.98m)",235lb (107kg),- - -
Miye Oni,https://ak-static.cms.nba.com/wp-content/uploads/headshots/nba/latest/260x190/1629671.png,81,,Utah Jazz,Guard-Forward,8/4/1997,24,"6'5"" (1.96m)",206lb (93kg),2 58 2019
Cedi Osman,https://ak-static.cms.nba.com/wp-content/uploads/headshots/nba/latest/260x190/1626224.png,16,"$15,400,000",Cleveland Cavaliers,Forward,4/8/1995,26,"6'7"" (2.01m)",230lb (104kg),2 31 2015
Kelly Oubre Jr,https://ak-static.cms.nba.com/wp-content/uploads/headshots/nba/latest/260x190/1626162.png,12,"$17,000,000",Charlotte Hornets,Forward-Guard,12/9/1995,25,"6'6"" (1.98m)",203lb (92kg),1 15 2015
Kevin Pangos,https://ak-static.cms.nba.com/wp-content/uploads/headshots/nba/latest/260x190/1630698.png,6,"$1,669,178",Cleveland Cavaliers,Guard,1/26/1993,28,"6'1"" (1.85m)",179lb (81kg),- - -
Jabari Parker,https://ak-static.cms.nba.com/wp-content/uploads/headshots/nba/latest/260x190/203953.png,20,"$100,000",Boston Celtics,Forward,3/15/1995,26,"6'7"" (2.01m)",245lb (111kg),1 2 2014
Eric Paschall,https://ak-static.cms.nba.com/wp-content/uploads/headshots/nba/latest/260x190/1629672.png,0,"$1,782,621",Utah Jazz,Forward,11/4/1996,25,"6'6"" (1.98m)",255lb (116kg),2 41 2019
Chris Paul,https://ak-static.cms.nba.com/wp-content/uploads/headshots/nba/latest/260x190/101108.png,3,"$75,000,000",Phoenix Suns,Guard,5/6/1985,36,"6'0"" (1.83m)",175lb (79kg),1 4 2005
Cameron Payne,https://ak-static.cms.nba.com/wp-content/uploads/headshots/nba/latest/260x190/1626166.png,15,"$14,500,000",Phoenix Suns,Guard,8/8/1994,27,"6'1"" (1.85m)",183lb (83kg),1 14 2015
Elfrid Payton,https://ak-static.cms.nba.com/wp-content/uploads/headshots/nba/latest/260x190/203901.png,2,"$2,239,544",Phoenix Suns,Guard,2/22/1994,27,"6'3"" (1.91m)",195lb (88kg),1 10 2014
Gary Payton II,https://ak-static.cms.nba.com/wp-content/uploads/headshots/nba/latest/260x190/1627780.png,0,"$350,000",Golden State Warriors,Guard,12/1/1992,28,"6'3"" (1.91m)",195lb (88kg),- - -
Jamorko Pickett,https://ak-static.cms.nba.com/wp-content/uploads/headshots/nba/latest/260x190/1630691.png,24,,Detroit Pistons,Forward,12/24/1997,23,"6'9"" (2.06m)",206lb (93kg),- - -
Mason Plumlee,https://ak-static.cms.nba.com/wp-content/uploads/headshots/nba/latest/260x190/203486.png,24,"$16,662,500",Charlotte Hornets,Forward-Center,3/5/1990,31,"6'11"" (2.11m)",254lb (115kg),1 22 2013
Jakob Poeltl,https://ak-static.cms.nba.com/wp-content/uploads/headshots/nba/latest/260x190/1627751.png,25,"$18,148,148",San Antonio Spurs,Center,10/15/1995,26,"7'1"" (2.16m)",245lb (111kg),1 9 2016
Aleksej Pokusevski,https://ak-static.cms.nba.com/wp-content/uploads/headshots/nba/latest/260x190/1630197.png,17,"$6,374,640",Oklahoma City Thunder,Forward,12/26/2001,19,"7'0"" (2.13m)",190lb (86kg),1 17 2020
Yves Pons,https://ak-static.cms.nba.com/wp-content/uploads/headshots/nba/latest/260x190/1630582.png,5,,Memphis Grizzlies,Forward,5/7/1999,22,"6'5"" (1.96m)",206lb (93kg),- - -
Jordan Poole,https://ak-static.cms.nba.com/wp-content/uploads/headshots/nba/latest/260x190/1629673.png,3,"$6,062,839",Golden State Warriors,Guard,6/19/1999,22,"6'4"" (1.93m)",194lb (88kg),1 28 2019
Kevin Porter Jr,https://ak-static.cms.nba.com/wp-content/uploads/headshots/nba/latest/260x190/1629645.png,3,"$5,975,323",Houston Rockets,Guard-Forward,5/4/2000,21,"6'4"" (1.93m)",203lb (92kg),1 30 2019
Michael Porter Jr,https://ak-static.cms.nba.com/wp-content/uploads/headshots/nba/latest/260x190/1629008.png,1,"$150,538,735",Denver Nuggets,Forward,6/29/1998,23,"6'10"" (2.08m)",218lb (99kg),1 14 2018
Otto Porter,https://ak-static.cms.nba.com/wp-content/uploads/headshots/nba/latest/260x190/None.png,-,"$2,389,641",-,-,-,-,-,-,-
Bobby Portis,https://ak-static.cms.nba.com/wp-content/uploads/headshots/nba/latest/260x190/1626171.png,9,"$4,347,600",Milwaukee Bucks,Forward,2/10/1995,26,"6'10"" (2.08m)",250lb (113kg),1 22 2015
Kristaps Porzingis,https://ak-static.cms.nba.com/wp-content/uploads/headshots/nba/latest/260x190/204001.png,6,"$65,484,000",Dallas Mavericks,Forward-Center,8/2/1995,26,"7'3"" (2.21m)",240lb (109kg),1 4 2015
Dwight Powell,https://ak-static.cms.nba.com/wp-content/uploads/headshots/nba/latest/260x190/203939.png,7,"$22,814,815",Dallas Mavericks,Forward-Center,7/20/1991,30,"6'10"" (2.08m)",240lb (109kg),2 45 2014
Norman Powell,https://ak-static.cms.nba.com/wp-content/uploads/headshots/nba/latest/260x190/1626181.png,24,"$90,000,000",Portland Trail Blazers,Guard,5/25/1993,28,"6'3"" (1.91m)",215lb (98kg),2 46 2015
Joshua Primo,https://ak-static.cms.nba.com/wp-content/uploads/headshots/nba/latest/260x190/1630563.png,11,"$8,091,120",San Antonio Spurs,Guard,12/24/2002,18,"6'4"" (1.93m)",189lb (86kg),1 12 2021
Taurean Prince,https://ak-static.cms.nba.com/wp-content/uploads/headshots/nba/latest/260x190/1627752.png,12,"$15,057,692",Minnesota Timberwolves,Forward,3/22/1994,27,"6'6"" (1.98m)",218lb (99kg),1 12 2016
Payton Pritchard,https://ak-static.cms.nba.com/wp-content/uploads/headshots/nba/latest/260x190/1630202.png,11,"$4,376,640",Boston Celtics,Guard,1/28/1998,23,"6'1"" (1.85m)",195lb (88kg),1 26 2020
Immanuel Quickley,https://ak-static.cms.nba.com/wp-content/uploads/headshots/nba/latest/260x190/1630193.png,5,"$4,526,880",New York Knicks,Guard,6/17/1999,22,"6'3"" (1.91m)",190lb (86kg),1 25 2020
Jahmi'us Ramsey,https://ak-static.cms.nba.com/wp-content/uploads/headshots/nba/latest/260x190/1630186.png,20,"$1,517,981",Sacramento Kings,Guard,6/9/2001,20,"6'3"" (1.91m)",190lb (86kg),2 43 2020
Julius Randle,https://ak-static.cms.nba.com/wp-content/uploads/headshots/nba/latest/260x190/203944.png,30,"$96,782,400",New York Knicks,Forward-Center,11/29/1994,26,"6'8"" (2.03m)",250lb (113kg),1 7 2014
Austin Reaves,https://ak-static.cms.nba.com/wp-content/uploads/headshots/nba/latest/260x190/1630559.png,15,,Los Angeles Lakers,Guard,5/29/1998,23,"6'5"" (1.96m)",197lb (89kg),- - -
Cam Reddish,https://ak-static.cms.nba.com/wp-content/uploads/headshots/nba/latest/260x190/1629629.png,22,"$10,624,614",Atlanta Hawks,Forward-Guard,9/1/1999,22,"6'8"" (2.03m)",217lb (98kg),1 10 2019
Paul Reed,https://ak-static.cms.nba.com/wp-content/uploads/headshots/nba/latest/260x190/1630194.png,44,,Philadelphia 76ers,Forward,6/14/1999,22,"6'9"" (2.06m)",210lb (95kg),2 58 2020
Naz Reid,https://ak-static.cms.nba.com/wp-content/uploads/headshots/nba/latest/260x190/1629675.png,11,,Minnesota Timberwolves,Center-Forward,8/26/1999,22,"6'9"" (2.06m)",264lb (120kg),- - -
Nick Richards,https://ak-static.cms.nba.com/wp-content/uploads/headshots/nba/latest/260x190/1630208.png,14,"$1,517,981",Charlotte Hornets,Center,11/29/1997,23,"7'0"" (2.13m)",245lb (111kg),2 42 2020
Josh Richardson,https://ak-static.cms.nba.com/wp-content/uploads/headshots/nba/latest/260x190/1626196.png,8,"$23,984,672",Boston Celtics,Guard,9/15/1993,28,"6'5"" (1.96m)",200lb (91kg),2 40 2015
Austin Rivers,https://ak-static.cms.nba.com/wp-content/uploads/headshots/nba/latest/260x190/203085.png,25,"$2,401,537",Denver Nuggets,Guard,8/1/1992,29,"6'4"" (1.93m)",200lb (91kg),1 10 2012
Duncan Robinson,https://ak-static.cms.nba.com/wp-content/uploads/headshots/nba/latest/260x190/1629130.png,55,"$79,910,000",Miami Heat,Forward,4/22/1994,27,"6'7"" (2.01m)",215lb (98kg),- - -
Justin Robinson,https://ak-static.cms.nba.com/wp-content/uploads/headshots/nba/latest/260x190/1629620.png,55,,Milwaukee Bucks,Guard,10/12/1997,24,"6'1"" (1.85m)",195lb (88kg),-
Mitchell Robinson,https://ak-static.cms.nba.com/wp-content/uploads/headshots/nba/latest/260x190/1629011.png,23,"$1,802,057",New York Knicks,Center-Forward,4/1/1998,23,"7'0"" (2.13m)",240lb (109kg),2 36 2018
Jeremiah Robinson-Earl,https://ak-static.cms.nba.com/wp-content/uploads/headshots/nba/latest/260x190/1630526.png,50,"$4,000,000",Oklahoma City Thunder,Forward,11/3/2000,21,"6'8"" (2.03m)",242lb (110kg),2 32 2021
Isaiah Roby,https://ak-static.cms.nba.com/wp-content/uploads/headshots/nba/latest/260x190/1629676.png,22,,Oklahoma City Thunder,Forward,2/3/1998,23,"6'8"" (2.03m)",230lb (104kg),2 45 2019
Rajon Rondo,https://ak-static.cms.nba.com/wp-content/uploads/headshots/nba/latest/260x190/200765.png,4,"$4,858,309",Los Angeles Lakers,Guard,2/22/1986,35,"6'1"" (1.85m)",180lb (82kg),1 21 2006
Derrick Rose,https://ak-static.cms.nba.com/wp-content/uploads/headshots/nba/latest/260x190/201565.png,4,"$27,965,850",New York Knicks,Guard,10/4/1988,33,"6'2"" (1.88m)",200lb (91kg),1 1 2008
Terrence Ross,https://ak-static.cms.nba.com/wp-content/uploads/headshots/nba/latest/260x190/203082.png,31,"$24,000,000",Orlando Magic,Guard-Forward,2/5/1991,30,"6'6"" (1.98m)",206lb (93kg),1 8 2012
Terry Rozier,https://ak-static.cms.nba.com/wp-content/uploads/headshots/nba/latest/260x190/1626179.png,3,"$114,163,957",Charlotte Hornets,Guard,3/17/1994,27,"6'1"" (1.85m)",190lb (86kg),1 16 2015
Ricky Rubio,https://ak-static.cms.nba.com/wp-content/uploads/headshots/nba/latest/260x190/201937.png,3,"$17,809,524",Cleveland Cavaliers,Guard,10/21/1990,31,"6'2"" (1.88m)",190lb (86kg),1 5 2009
D'Angelo Russell,https://ak-static.cms.nba.com/wp-content/uploads/headshots/nba/latest/260x190/1626156.png,0,"$61,391,250",Minnesota Timberwolves,Guard,2/23/1996,25,"6'4"" (1.93m)",193lb (88kg),1 2 2015
Domantas Sabonis,https://ak-static.cms.nba.com/wp-content/uploads/headshots/nba/latest/260x190/1627734.png,11,"$59,812,500",Indiana Pacers,Forward-Center,5/3/1996,25,"6'11"" (2.11m)",240lb (109kg),1 11 2016
Tomas Satoransky,https://ak-static.cms.nba.com/wp-content/uploads/headshots/nba/latest/260x190/203107.png,31,"$5,000,000",New Orleans Pelicans,Guard,10/30/1991,30,"6'7"" (2.01m)",210lb (95kg),2 32 2012
Dennis Schroder,https://ak-static.cms.nba.com/wp-content/uploads/headshots/nba/latest/260x190/203471.png,71,"$5,890,000",Boston Celtics,Guard,9/15/1993,28,"6'1"" (1.85m)",172lb (78kg),1 17 2013
Jay Scrubb,https://ak-static.cms.nba.com/wp-content/uploads/headshots/nba/latest/260x190/1630206.png,0,,LA Clippers,Guard,9/1/2000,21,"6'5"" (1.96m)",220lb (100kg),2 55 2020
Wayne Selden,https://ak-static.cms.nba.com/wp-content/uploads/headshots/nba/latest/260x190/1627782.png,11,,New York Knicks,Guard,9/30/1994,27,"6'4"" (1.93m)",232lb (105kg),-
Alperen Sengun,https://ak-static.cms.nba.com/wp-content/uploads/headshots/nba/latest/260x190/1630578.png,28,"$6,590,160",Houston Rockets,Center,7/25/2002,19,"6'10"" (2.08m)",243lb (110kg),1 16 2021
Collin Sexton,https://ak-static.cms.nba.com/wp-content/uploads/headshots/nba/latest/260x190/1629012.png,2,"$6,349,671",Cleveland Cavaliers,Guard,1/4/1999,22,"6'1"" (1.85m)",190lb (86kg),1 8 2018
Landry Shamet,https://ak-static.cms.nba.com/wp-content/uploads/headshots/nba/latest/260x190/1629013.png,14,"$46,768,342",Phoenix Suns,Guard,3/13/1997,24,"6'4"" (1.93m)",190lb (86kg),1 26 2018
Day'Ron Sharpe,https://ak-static.cms.nba.com/wp-content/uploads/headshots/nba/latest/260x190/1630549.png,20,"$4,118,400",Brooklyn Nets,Forward,11/6/2001,20,"6'9"" (2.06m)",265lb (120kg),1 29 2021
Pascal Siakam,https://ak-static.cms.nba.com/wp-content/uploads/headshots/nba/latest/260x190/1627783.png,43,"$100,920,000",Toronto Raptors,Forward,4/2/1994,27,"6'8"" (2.03m)",230lb (104kg),1 27 2016
Anfernee Simons,https://ak-static.cms.nba.com/wp-content/uploads/headshots/nba/latest/260x190/1629014.png,1,"$3,938,818",Portland Trail Blazers,Guard,6/8/1999,22,"6'3"" (1.91m)",181lb (82kg),1 24 2018
Jericho Sims,https://ak-static.cms.nba.com/wp-content/uploads/headshots/nba/latest/260x190/1630579.png,45,,New York Knicks,Center,10/20/1998,23,"6'9"" (2.06m)",250lb (113kg),2 58 2021
Marcus Smart,https://ak-static.cms.nba.com/wp-content/uploads/headshots/nba/latest/260x190/203935.png,36,"$90,827,281",Boston Celtics,Guard,3/6/1994,27,"6'4"" (1.93m)",220lb (100kg),1 6 2014
Dennis Smith Jr,https://ak-static.cms.nba.com/wp-content/uploads/headshots/nba/latest/260x190/1628372.png,10,,Portland Trail Blazers,Guard,11/25/1997,23,"6'2"" (1.88m)",205lb (93kg),1 9 2017
Ish Smith,https://ak-static.cms.nba.com/wp-content/uploads/headshots/nba/latest/260x190/202397.png,10,"$4,500,000",Charlotte Hornets,Guard,7/5/1988,33,"6'0"" (1.83m)",175lb (79kg),- - -
Jalen Smith,https://ak-static.cms.nba.com/wp-content/uploads/headshots/nba/latest/260x190/1630188.png,10,"$4,458,000",Phoenix Suns,Forward-Center,3/16/2000,21,"6'10"" (2.08m)",215lb (98kg),1 10 2020
Tony Snell,https://ak-static.cms.nba.com/wp-content/uploads/headshots/nba/latest/260x190/203503.png,17,"$2,389,641",Portland Trail Blazers,Guard,11/10/1991,30,"6'6"" (1.98m)",213lb (97kg),1 20 2013
Jaden Springer,https://ak-static.cms.nba.com/wp-content/uploads/headshots/nba/latest/260x190/1630531.png,11,"$4,149,000",Philadelphia 76ers,Guard,9/25/2002,19,"6'4"" (1.93m)",202lb (92kg),1 28 2021
Lamar Stevens,https://ak-static.cms.nba.com/wp-content/uploads/headshots/nba/latest/260x190/1630205.png,8,,Cleveland Cavaliers,Forward,7/9/1997,24,"6'6"" (1.98m)",230lb (104kg),- - -
Isaiah Stewart,https://ak-static.cms.nba.com/wp-content/uploads/headshots/nba/latest/260x190/1630191.png,28,"$6,710,400",Detroit Pistons,Forward-Center,5/22/2001,20,"6'8"" (2.03m)",250lb (113kg),1 16 2020
Max Strus,https://ak-static.cms.nba.com/wp-content/uploads/headshots/nba/latest/260x190/1629622.png,31,"$1,669,178",Miami Heat,Guard-Forward,3/28/1996,25,"6'5"" (1.96m)",215lb (98kg),- - -
Jalen Suggs,https://ak-static.cms.nba.com/wp-content/uploads/headshots/nba/latest/260x190/1630591.png,4,"$13,515,480",Orlando Magic,Guard,6/3/2001,20,"6'5"" (1.96m)",205lb (93kg),1 5 2021
Jae'Sean Tate,https://ak-static.cms.nba.com/wp-content/uploads/headshots/nba/latest/260x190/1630256.png,8,,Houston Rockets,Forward,10/28/1995,26,"6'4"" (1.93m)",230lb (104kg),- - -
Jayson Tatum,https://ak-static.cms.nba.com/wp-content/uploads/headshots/nba/latest/260x190/1628369.png,0,"$125,903,904",Boston Celtics,Forward-Guard,3/3/1998,23,"6'8"" (2.03m)",210lb (95kg),1 3 2017
Garrett Temple,https://ak-static.cms.nba.com/wp-content/uploads/headshots/nba/latest/260x190/202066.png,41,"$10,065,500",New Orleans Pelicans,Guard-Forward,5/8/1986,35,"6'5"" (1.96m)",195lb (88kg),- - -
Daniel Theis,https://ak-static.cms.nba.com/wp-content/uploads/headshots/nba/latest/260x190/1628464.png,27,"$36,000,000",Houston Rockets,Forward-Center,4/4/1992,29,"6'9"" (2.06m)",245lb (111kg),- - -
Cameron Thomas,https://ak-static.cms.nba.com/wp-content/uploads/headshots/nba/latest/260x190/None.png,-,"$4,174,440",-,-,-,-,-,-,-
Matt Thomas,https://ak-static.cms.nba.com/wp-content/uploads/headshots/nba/latest/260x190/1629744.png,21,"$1,669,178",Chicago Bulls,Guard,8/4/1994,27,"6'3"" (1.91m)",190lb (86kg),- - -
Tristan Thompson,https://ak-static.cms.nba.com/wp-content/uploads/headshots/nba/latest/260x190/202684.png,13,"$9,720,900",Sacramento Kings,Center-Forward,3/13/1991,30,"6'9"" (2.06m)",254lb (115kg),1 4 2011
JT Thor,https://ak-static.cms.nba.com/wp-content/uploads/headshots/nba/latest/260x190/1630550.png,21,"$2,813,518",Charlotte Hornets,Forward,8/26/2002,19,"6'9"" (2.06m)",203lb (92kg),2 37 2021
Matisse Thybulle,https://ak-static.cms.nba.com/wp-content/uploads/headshots/nba/latest/260x190/1629680.png,22,"$7,219,687",Philadelphia 76ers,Guard-Forward,3/4/1997,24,"6'5"" (1.96m)",201lb (91kg),1 20 2019
Killian Tillie,https://ak-static.cms.nba.com/wp-content/uploads/headshots/nba/latest/260x190/1629681.png,35,,Memphis Grizzlies,Forward-Center,3/5/1998,23,"6'9"" (2.06m)",220lb (100kg),- - -
Xavier Tillman Sr,https://ak-static.cms.nba.com/wp-content/uploads/headshots/nba/latest/260x190/None.png,-,"$3,300,602",-,-,-,-,-,-,-
Isaiah Todd,https://ak-static.cms.nba.com/wp-content/uploads/headshots/nba/latest/260x190/1630225.png,14,"$4,899,614",Washington Wizards,Forward,10/17/2001,20,"6'9"" (2.06m)",219lb (99kg),2 31 2021
Obi Toppin,https://ak-static.cms.nba.com/wp-content/uploads/headshots/nba/latest/260x190/1630167.png,1,"$10,453,440",New York Knicks,Forward,3/4/1998,23,"6'9"" (2.06m)",220lb (100kg),1 8 2020
Juan Toscano-Anderson,https://ak-static.cms.nba.com/wp-content/uploads/headshots/nba/latest/260x190/1629308.png,95,"$1,701,593",Golden State Warriors,Forward,4/10/1993,28,"6'6"" (1.98m)",209lb (95kg),- - -
Karl-Anthony Towns,https://ak-static.cms.nba.com/wp-content/uploads/headshots/nba/latest/260x190/1626157.png,32,"$101,370,000",Minnesota Timberwolves,Center-Forward,11/15/1995,26,"6'11"" (2.11m)",248lb (112kg),1 1 2015
Gary Trent Jr,https://ak-static.cms.nba.com/wp-content/uploads/headshots/nba/latest/260x190/1629018.png,33,"$33,280,000",Toronto Raptors,Guard-Forward,1/18/1999,22,"6'5"" (1.96m)",209lb (95kg),2 37 2018
PJ Tucker,https://ak-static.cms.nba.com/wp-content/uploads/headshots/nba/latest/260x190/200782.png,17,"$7,000,000",Miami Heat,Forward,5/5/1985,36,"6'5"" (1.96m)",245lb (111kg),2 35 2006
Myles Turner,https://ak-static.cms.nba.com/wp-content/uploads/headshots/nba/latest/260x190/1626167.png,33,"$36,000,000",Indiana Pacers,Center-Forward,3/24/1996,25,"6'11"" (2.11m)",250lb (113kg),1 11 2015
Jonas Valanciunas,https://ak-static.cms.nba.com/wp-content/uploads/headshots/nba/latest/260x190/202685.png,17,"$44,135,000",New Orleans Pelicans,Center,5/6/1992,29,"6'11"" (2.11m)",265lb (120kg),1 5 2011
Denzel Valentine,https://ak-static.cms.nba.com/wp-content/uploads/headshots/nba/latest/260x190/1627756.png,45,,Cleveland Cavaliers,Guard,11/16/1993,28,"6'4"" (1.93m)",220lb (100kg),1 14 2016
Jarred Vanderbilt,https://ak-static.cms.nba.com/wp-content/uploads/headshots/nba/latest/260x190/1629020.png,8,"$13,800,000",Minnesota Timberwolves,Forward,4/3/1999,22,"6'9"" (2.06m)",214lb (97kg),2 41 2018
Fred VanVleet,https://ak-static.cms.nba.com/wp-content/uploads/headshots/nba/latest/260x190/1627832.png,23,"$40,925,926",Toronto Raptors,Guard,2/25/1994,27,"6'1"" (1.85m)",197lb (89kg),- - -
Devin Vassell,https://ak-static.cms.nba.com/wp-content/uploads/headshots/nba/latest/260x190/1630170.png,24,"$8,672,160",San Antonio Spurs,Guard-Forward,8/23/2000,21,"6'5"" (1.96m)",200lb (91kg),1 11 2020
Gabe Vincent,https://ak-static.cms.nba.com/wp-content/uploads/headshots/nba/latest/260x190/1629216.png,2,"$1,669,178",Miami Heat,Guard,6/14/1996,25,"6'3"" (1.91m)",200lb (91kg),- - -
Nikola Vucevic,https://ak-static.cms.nba.com/wp-content/uploads/headshots/nba/latest/260x190/202696.png,9,"$46,000,000",Chicago Bulls,Center,10/24/1990,31,"6'10"" (2.08m)",260lb (118kg),1 16 2011
Dean Wade,https://ak-static.cms.nba.com/wp-content/uploads/headshots/nba/latest/260x190/1629731.png,32,,Cleveland Cavaliers,Forward-Center,11/20/1996,24,"6'9"" (2.06m)",228lb (103kg),- - -
Franz Wagner,https://ak-static.cms.nba.com/wp-content/uploads/headshots/nba/latest/260x190/1630532.png,22,"$10,266,120",Orlando Magic,Forward,8/27/2001,20,"6'10"" (2.08m)",220lb (100kg),1 8 2021
Moritz Wagner,https://ak-static.cms.nba.com/wp-content/uploads/headshots/nba/latest/260x190/1629021.png,21,"$1,729,217",Orlando Magic,Forward-Center,4/26/1997,24,"6'11"" (2.11m)",245lb (111kg),1 25 2018
Kemba Walker,https://ak-static.cms.nba.com/wp-content/uploads/headshots/nba/latest/260x190/202689.png,8,"$53,669,500",New York Knicks,Guard,5/8/1990,31,"6'0"" (1.83m)",184lb (83kg),1 9 2011
Lonnie Walker,https://ak-static.cms.nba.com/wp-content/uploads/headshots/nba/latest/260x190/None.png,-,"$4,447,896",-,-,-,-,-,-,-
Brad Wanamaker,https://ak-static.cms.nba.com/wp-content/uploads/headshots/nba/latest/260x190/202954.png,10,,Indiana Pacers,Guard,7/25/1989,32,"6'3"" (1.91m)",210lb (95kg),- - -
Duane Washington Jr,https://ak-static.cms.nba.com/wp-content/uploads/headshots/nba/latest/260x190/1630613.png,4,,Indiana Pacers,Guard,3/24/2000,21,"6'3"" (1.91m)",197lb (89kg),- - -
PJ Washington,https://ak-static.cms.nba.com/wp-content/uploads/headshots/nba/latest/260x190/1629023.png,25,"$10,023,555",Charlotte Hornets,Forward,8/23/1998,23,"6'7"" (2.01m)",230lb (104kg),1 12 2019
Trendon Watford,https://ak-static.cms.nba.com/wp-content/uploads/headshots/nba/latest/260x190/1630570.png,2,,Portland Trail Blazers,Forward,11/9/2000,21,"6'8"" (2.03m)",237lb (108kg),- - -
Russell Westbrook,https://ak-static.cms.nba.com/wp-content/uploads/headshots/nba/latest/260x190/201566.png,0,"$44,211,146",Los Angeles Lakers,Guard,11/12/1988,33,"6'3"" (1.91m)",200lb (91kg),1 4 2008
Coby White,https://ak-static.cms.nba.com/wp-content/uploads/headshots/nba/latest/260x190/1629632.png,0,"$5,837,760",Chicago Bulls,Guard,2/16/2000,21,"6'4"" (1.93m)",195lb (88kg),1 7 2019
Derrick White,https://ak-static.cms.nba.com/wp-content/uploads/headshots/nba/latest/260x190/1628401.png,4,"$68,000,000",San Antonio Spurs,Guard,7/2/1994,27,"6'4"" (1.93m)",190lb (86kg),1 29 2017
Hassan Whiteside,https://ak-static.cms.nba.com/wp-content/uploads/headshots/nba/latest/260x190/202355.png,21,"$2,401,537",Utah Jazz,Center,6/13/1989,32,"7'0"" (2.13m)",265lb (120kg),2 33 2010
Joe Wieskamp,https://ak-static.cms.nba.com/wp-content/uploads/headshots/nba/latest/260x190/1630580.png,15,,San Antonio Spurs,Guard-Forward,8/23/1999,22,"6'6"" (1.98m)",205lb (93kg),2 41 2021
Aaron Wiggins,https://ak-static.cms.nba.com/wp-content/uploads/headshots/nba/latest/260x190/1630598.png,21,,Oklahoma City Thunder,Guard,1/2/1999,22,"6'4"" (1.93m)",190lb (86kg),2 55 2021
Andrew Wiggins,https://ak-static.cms.nba.com/wp-content/uploads/headshots/nba/latest/260x190/203952.png,22,"$65,196,160",Golden State Warriors,Forward,2/23/1995,26,"6'7"" (2.01m)",197lb (89kg),1 1 2014
Grant Williams,https://ak-static.cms.nba.com/wp-content/uploads/headshots/nba/latest/260x190/1629684.png,12,"$6,924,081",Boston Celtics,Forward,11/30/1998,22,"6'6"" (1.98m)",236lb (107kg),1 22 2019
Kenrich Williams,https://ak-static.cms.nba.com/wp-content/uploads/headshots/nba/latest/260x190/1629026.png,34,,Oklahoma City Thunder,Guard-Forward,12/2/1994,26,"6'6"" (1.98m)",210lb (95kg),- - -
Lou Williams,https://ak-static.cms.nba.com/wp-content/uploads/headshots/nba/latest/260x190/101150.png,6,"$5,000,000",Atlanta Hawks,Guard,10/27/1986,35,"6'2"" (1.88m)",175lb (79kg),2 45 2005
Patrick Williams,https://ak-static.cms.nba.com/wp-content/uploads/headshots/nba/latest/260x190/1630172.png,44,"$15,197,400",Chicago Bulls,Forward,8/26/2001,20,"6'7"" (2.01m)",215lb (98kg),1 4 2020
Robert Williams,https://ak-static.cms.nba.com/wp-content/uploads/headshots/nba/latest/260x190/1629057.png,44,"$51,597,976",Boston Celtics,Center-Forward,10/17/1997,24,"6'9"" (2.06m)",237lb (108kg),1 27 2018
Ziaire Williams,https://ak-static.cms.nba.com/wp-content/uploads/headshots/nba/latest/260x190/1630533.png,8,"$8,965,080",Memphis Grizzlies,Forward,9/12/2001,20,"6'9"" (2.06m)",185lb (84kg),1 10 2021
Dylan Windler,https://ak-static.cms.nba.com/wp-content/uploads/headshots/nba/latest/260x190/1629685.png,9,"$6,276,478",Cleveland Cavaliers,Guard-Forward,9/22/1996,25,"6'6"" (1.98m)",196lb (89kg),1 26 2019
Justise Winslow,https://ak-static.cms.nba.com/wp-content/uploads/headshots/nba/latest/260x190/1626159.png,20,"$8,000,000",LA Clippers,Forward-Guard,3/26/1996,25,"6'6"" (1.98m)",222lb (101kg),1 10 2015
Christian Wood,https://ak-static.cms.nba.com/wp-content/uploads/headshots/nba/latest/260x190/1626174.png,35,"$27,984,126",Houston Rockets,Forward,9/27/1995,26,"6'9"" (2.06m)",214lb (97kg),- - -
Delon Wright,https://ak-static.cms.nba.com/wp-content/uploads/headshots/nba/latest/260x190/1626153.png,0,"$8,526,316",Atlanta Hawks,Guard,4/26/1992,29,"6'5"" (1.96m)",185lb (84kg),1 20 2015
McKinley Wright IV,https://ak-static.cms.nba.com/wp-content/uploads/headshots/nba/latest/260x190/1630593.png,25,,Minnesota Timberwolves,Guard,10/25/1998,23,"5'11"" (1.80m)",192lb (87kg),- - -
Thaddeus Young,https://ak-static.cms.nba.com/wp-content/uploads/headshots/nba/latest/260x190/201152.png,30,"$14,190,000",San Antonio Spurs,Forward,6/21/1988,33,"6'8"" (2.03m)",235lb (107kg),1 12 2007
Trae Young,https://ak-static.cms.nba.com/wp-content/uploads/headshots/nba/latest/260x190/1629027.png,11,"$180,876,471",Atlanta Hawks,Guard,9/19/1998,23,"6'1"" (1.85m)",164lb (74kg),1 5 2018
Omer Yurtseven,https://ak-static.cms.nba.com/wp-content/uploads/headshots/nba/latest/260x190/1630209.png,77,"$1,489,065",Miami Heat,Center,6/19/1998,23,"6'11"" (2.11m)",275lb (125kg),- - -
Cody Zeller,https://ak-static.cms.nba.com/wp-content/uploads/headshots/nba/latest/260x190/203469.png,40,"$2,389,641",Portland Trail Blazers,Forward-Center,10/5/1992,29,"6'11"" (2.11m)",240lb (109kg),1 4 2013
Ivica Zubac,https://ak-static.cms.nba.com/wp-content/uploads/headshots/nba/latest/260x190/1627826.png,40,"$7,518,518",LA Clippers,Center,3/18/1997,24,"7'0"" (2.13m)",240lb (109kg),2 32 2016
